"leftAssetId","rightAssetId","distance","leftUrl","rightUrl","leftDestination","rightDestination","exactUrlMatch","sameSourceAsset"
"corpus:dbf05f4a6e27107d6e24b280","corpus:801f936e9f33a1c8aa998a3f","0","https://images.pexels.com/photos/1002695/pexels-photo-1002695.jpeg?auto=compress&cs=tinysrgb&fit=crop&h=627&w=1200","https://images.pexels.com/photos/1002695/pexels-photo-1002695.jpeg?auto=compress&cs=tinysrgb&fit=crop&h=627&w=1200","부에노스아이레스","산티아고","true","true"
"corpus:dbf05f4a6e27107d6e24b280","corpus:aca9eb2c571b8fe9094c39db","0","https://images.pexels.com/photos/1002695/pexels-photo-1002695.jpeg?auto=compress&cs=tinysrgb&fit=crop&h=627&w=1200","https://images.pexels.com/photos/1002695/pexels-photo-1002695.jpeg?auto=compress&cs=tinysrgb&fit=crop&h=627&w=1200","부에노스아이레스","리우데자네이루","true","true"
"corpus:dbf05f4a6e27107d6e24b280","corpus:6921974f08d1f85d12f33139","0","https://images.pexels.com/photos/1002695/pexels-photo-1002695.jpeg?auto=compress&cs=tinysrgb&fit=crop&h=627&w=1200","https://images.pexels.com/photos/1002695/pexels-photo-1002695.jpeg?auto=compress&cs=tinysrgb&fit=crop&h=627&w=1200","부에노스아이레스","아테네","true","true"
"corpus:dbf05f4a6e27107d6e24b280","corpus:238a7b2335d4a59ee23426f2","0","https://images.pexels.com/photos/1002695/pexels-photo-1002695.jpeg?auto=compress&cs=tinysrgb&fit=crop&h=627&w=1200","https://images.pexels.com/photos/1002695/pexels-photo-1002695.jpeg?auto=compress&cs=tinysrgb&fit=crop&h=627&w=1200","부에노스아이레스","콜롬보","true","true"
"corpus:dbf05f4a6e27107d6e24b280","corpus:4c6ed79c9ad981d13d0f2045","0","https://images.pexels.com/photos/1002695/pexels-photo-1002695.jpeg?auto=compress&cs=tinysrgb&fit=crop&h=627&w=1200","https://images.pexels.com/photos/1002695/pexels-photo-1002695.jpeg?auto=compress&cs=tinysrgb&fit=crop&h=627&w=1200","부에노스아이레스","바르셀로나","true","true"
"corpus:c0e1ec4835ff9909bded9bd2","corpus:d3f3830873f31ac1ba3c3cba","0","https://images.pexels.com/photos/35599863/pexels-photo-35599863.jpeg?auto=compress&cs=tinysrgb&fit=crop&h=627&w=1200","https://images.pexels.com/photos/35599863/pexels-photo-35599863.jpeg?auto=compress&cs=tinysrgb&fit=crop&h=627&w=1200","부에노스아이레스","리우데자네이루","true","true"
"corpus:7e57866d4135c960bc2ac260","corpus:c91bac7cf7e9c6f6e3254cc9","0","https://images.pexels.com/photos/38484227/pexels-photo-38484227.jpeg?auto=compress&cs=tinysrgb&fit=crop&h=627&w=1200","https://images.pexels.com/photos/38484227/pexels-photo-38484227.jpeg?auto=compress&cs=tinysrgb&fit=crop&h=627&w=1200","부에노스아이레스","아부다비","true","true"
"corpus:7e57866d4135c960bc2ac260","corpus:47ac8dfbb5fe953875198372","0","https://images.pexels.com/photos/38484227/pexels-photo-38484227.jpeg?auto=compress&cs=tinysrgb&fit=crop&h=627&w=1200","https://images.pexels.com/photos/38484227/pexels-photo-38484227.jpeg?auto=compress&cs=tinysrgb&fit=crop&h=627&w=1200","부에노스아이레스","산티아고","true","true"
"corpus:7e57866d4135c960bc2ac260","corpus:0010104bcf3e8873712c431c","0","https://images.pexels.com/photos/38484227/pexels-photo-38484227.jpeg?auto=compress&cs=tinysrgb&fit=crop&h=627&w=1200","https://images.pexels.com/photos/38484227/pexels-photo-38484227.jpeg?auto=compress&cs=tinysrgb&fit=crop&h=627&w=1200","부에노스아이레스","니스","true","true"
"corpus:7e57866d4135c960bc2ac260","corpus:8df249bb29022ed3c5a710bc","0","https://images.pexels.com/photos/38484227/pexels-photo-38484227.jpeg?auto=compress&cs=tinysrgb&fit=crop&h=627&w=1200","https://images.pexels.com/photos/38484227/pexels-photo-38484227.jpeg?auto=compress&cs=tinysrgb&fit=crop&h=627&w=1200","부에노스아이레스","조호르바루","true","true"
"corpus:7e57866d4135c960bc2ac260","corpus:99b3fa26df9143ce033be5e0","0","https://images.pexels.com/photos/38484227/pexels-photo-38484227.jpeg?auto=compress&cs=tinysrgb&fit=crop&h=627&w=1200","https://images.pexels.com/photos/38484227/pexels-photo-38484227.jpeg?auto=compress&cs=tinysrgb&fit=crop&h=627&w=1200","부에노스아이레스","리우데자네이루","true","true"
"corpus:7e57866d4135c960bc2ac260","corpus:1fbac01a1b7b534ee18f2d87","0","https://images.pexels.com/photos/38484227/pexels-photo-38484227.jpeg?auto=compress&cs=tinysrgb&fit=crop&h=627&w=1200","https://images.pexels.com/photos/38484227/pexels-photo-38484227.jpeg?auto=compress&cs=tinysrgb&fit=crop&h=627&w=1200","부에노스아이레스","골드코스트","true","true"
"corpus:7e57866d4135c960bc2ac260","corpus:537df40a7a1f21e23f3d612f","0","https://images.pexels.com/photos/38484227/pexels-photo-38484227.jpeg?auto=compress&cs=tinysrgb&fit=crop&h=627&w=1200","https://images.pexels.com/photos/38484227/pexels-photo-38484227.jpeg?auto=compress&cs=tinysrgb&fit=crop&h=627&w=1200","부에노스아이레스","퍼스","true","true"
"corpus:7e57866d4135c960bc2ac260","corpus:bf1ca481b6acadc7f224c376","0","https://images.pexels.com/photos/38484227/pexels-photo-38484227.jpeg?auto=compress&cs=tinysrgb&fit=crop&h=627&w=1200","https://images.pexels.com/photos/38484227/pexels-photo-38484227.jpeg?auto=compress&cs=tinysrgb&fit=crop&h=627&w=1200","부에노스아이레스","케언스","true","true"
"corpus:7e57866d4135c960bc2ac260","corpus:40a8001451620f51a6ab8437","0","https://images.pexels.com/photos/38484227/pexels-photo-38484227.jpeg?auto=compress&cs=tinysrgb&fit=crop&h=627&w=1200","https://images.pexels.com/photos/38484227/pexels-photo-38484227.jpeg?auto=compress&cs=tinysrgb&fit=crop&h=627&w=1200","부에노스아이레스","오슬로","true","true"
"corpus:7e57866d4135c960bc2ac260","corpus:46c5e08a71c86ac02b64fbf5","0","https://images.pexels.com/photos/38484227/pexels-photo-38484227.jpeg?auto=compress&cs=tinysrgb&fit=crop&h=627&w=1200","https://images.pexels.com/photos/38484227/pexels-photo-38484227.jpeg?auto=compress&cs=tinysrgb&fit=crop&h=627&w=1200","부에노스아이레스","콜롬보","true","true"
"corpus:7e57866d4135c960bc2ac260","corpus:18cc16449c1e511f082390d5","0","https://images.pexels.com/photos/38484227/pexels-photo-38484227.jpeg?auto=compress&cs=tinysrgb&fit=crop&h=627&w=1200","https://images.pexels.com/photos/38484227/pexels-photo-38484227.jpeg?auto=compress&cs=tinysrgb&fit=crop&h=627&w=1200","부에노스아이레스","양곤","true","true"
"corpus:7e57866d4135c960bc2ac260","corpus:f8f53f71a5452b6873c19974","0","https://images.pexels.com/photos/38484227/pexels-photo-38484227.jpeg?auto=compress&cs=tinysrgb&fit=crop&h=627&w=1200","https://images.pexels.com/photos/38484227/pexels-photo-38484227.jpeg?auto=compress&cs=tinysrgb&fit=crop&h=627&w=1200","부에노스아이레스","수라바야","true","true"
"corpus:7e57866d4135c960bc2ac260","corpus:a25747b5a4dac08274c5a246","0","https://images.pexels.com/photos/38484227/pexels-photo-38484227.jpeg?auto=compress&cs=tinysrgb&fit=crop&h=627&w=1200","https://images.pexels.com/photos/38484227/pexels-photo-38484227.jpeg?auto=compress&cs=tinysrgb&fit=crop&h=627&w=1200","부에노스아이레스","만달레이","true","true"
"corpus:c91bac7cf7e9c6f6e3254cc9","corpus:47ac8dfbb5fe953875198372","0","https://images.pexels.com/photos/38484227/pexels-photo-38484227.jpeg?auto=compress&cs=tinysrgb&fit=crop&h=627&w=1200","https://images.pexels.com/photos/38484227/pexels-photo-38484227.jpeg?auto=compress&cs=tinysrgb&fit=crop&h=627&w=1200","아부다비","산티아고","true","true"
"corpus:c91bac7cf7e9c6f6e3254cc9","corpus:0010104bcf3e8873712c431c","0","https://images.pexels.com/photos/38484227/pexels-photo-38484227.jpeg?auto=compress&cs=tinysrgb&fit=crop&h=627&w=1200","https://images.pexels.com/photos/38484227/pexels-photo-38484227.jpeg?auto=compress&cs=tinysrgb&fit=crop&h=627&w=1200","아부다비","니스","true","true"
"corpus:c91bac7cf7e9c6f6e3254cc9","corpus:8df249bb29022ed3c5a710bc","0","https://images.pexels.com/photos/38484227/pexels-photo-38484227.jpeg?auto=compress&cs=tinysrgb&fit=crop&h=627&w=1200","https://images.pexels.com/photos/38484227/pexels-photo-38484227.jpeg?auto=compress&cs=tinysrgb&fit=crop&h=627&w=1200","아부다비","조호르바루","true","true"
"corpus:c91bac7cf7e9c6f6e3254cc9","corpus:99b3fa26df9143ce033be5e0","0","https://images.pexels.com/photos/38484227/pexels-photo-38484227.jpeg?auto=compress&cs=tinysrgb&fit=crop&h=627&w=1200","https://images.pexels.com/photos/38484227/pexels-photo-38484227.jpeg?auto=compress&cs=tinysrgb&fit=crop&h=627&w=1200","아부다비","리우데자네이루","true","true"
"corpus:c91bac7cf7e9c6f6e3254cc9","corpus:1fbac01a1b7b534ee18f2d87","0","https://images.pexels.com/photos/38484227/pexels-photo-38484227.jpeg?auto=compress&cs=tinysrgb&fit=crop&h=627&w=1200","https://images.pexels.com/photos/38484227/pexels-photo-38484227.jpeg?auto=compress&cs=tinysrgb&fit=crop&h=627&w=1200","아부다비","골드코스트","true","true"
"corpus:c91bac7cf7e9c6f6e3254cc9","corpus:537df40a7a1f21e23f3d612f","0","https://images.pexels.com/photos/38484227/pexels-photo-38484227.jpeg?auto=compress&cs=tinysrgb&fit=crop&h=627&w=1200","https://images.pexels.com/photos/38484227/pexels-photo-38484227.jpeg?auto=compress&cs=tinysrgb&fit=crop&h=627&w=1200","아부다비","퍼스","true","true"
"corpus:c91bac7cf7e9c6f6e3254cc9","corpus:bf1ca481b6acadc7f224c376","0","https://images.pexels.com/photos/38484227/pexels-photo-38484227.jpeg?auto=compress&cs=tinysrgb&fit=crop&h=627&w=1200","https://images.pexels.com/photos/38484227/pexels-photo-38484227.jpeg?auto=compress&cs=tinysrgb&fit=crop&h=627&w=1200","아부다비","케언스","true","true"
"corpus:c91bac7cf7e9c6f6e3254cc9","corpus:40a8001451620f51a6ab8437","0","https://images.pexels.com/photos/38484227/pexels-photo-38484227.jpeg?auto=compress&cs=tinysrgb&fit=crop&h=627&w=1200","https://images.pexels.com/photos/38484227/pexels-photo-38484227.jpeg?auto=compress&cs=tinysrgb&fit=crop&h=627&w=1200","아부다비","오슬로","true","true"
"corpus:c91bac7cf7e9c6f6e3254cc9","corpus:46c5e08a71c86ac02b64fbf5","0","https://images.pexels.com/photos/38484227/pexels-photo-38484227.jpeg?auto=compress&cs=tinysrgb&fit=crop&h=627&w=1200","https://images.pexels.com/photos/38484227/pexels-photo-38484227.jpeg?auto=compress&cs=tinysrgb&fit=crop&h=627&w=1200","아부다비","콜롬보","true","true"
"corpus:c91bac7cf7e9c6f6e3254cc9","corpus:18cc16449c1e511f082390d5","0","https://images.pexels.com/photos/38484227/pexels-photo-38484227.jpeg?auto=compress&cs=tinysrgb&fit=crop&h=627&w=1200","https://images.pexels.com/photos/38484227/pexels-photo-38484227.jpeg?auto=compress&cs=tinysrgb&fit=crop&h=627&w=1200","아부다비","양곤","true","true"
"corpus:c91bac7cf7e9c6f6e3254cc9","corpus:f8f53f71a5452b6873c19974","0","https://images.pexels.com/photos/38484227/pexels-photo-38484227.jpeg?auto=compress&cs=tinysrgb&fit=crop&h=627&w=1200","https://images.pexels.com/photos/38484227/pexels-photo-38484227.jpeg?auto=compress&cs=tinysrgb&fit=crop&h=627&w=1200","아부다비","수라바야","true","true"
"corpus:c91bac7cf7e9c6f6e3254cc9","corpus:a25747b5a4dac08274c5a246","0","https://images.pexels.com/photos/38484227/pexels-photo-38484227.jpeg?auto=compress&cs=tinysrgb&fit=crop&h=627&w=1200","https://images.pexels.com/photos/38484227/pexels-photo-38484227.jpeg?auto=compress&cs=tinysrgb&fit=crop&h=627&w=1200","아부다비","만달레이","true","true"
"corpus:801f936e9f33a1c8aa998a3f","corpus:aca9eb2c571b8fe9094c39db","0","https://images.pexels.com/photos/1002695/pexels-photo-1002695.jpeg?auto=compress&cs=tinysrgb&fit=crop&h=627&w=1200","https://images.pexels.com/photos/1002695/pexels-photo-1002695.jpeg?auto=compress&cs=tinysrgb&fit=crop&h=627&w=1200","산티아고","리우데자네이루","true","true"
"corpus:801f936e9f33a1c8aa998a3f","corpus:6921974f08d1f85d12f33139","0","https://images.pexels.com/photos/1002695/pexels-photo-1002695.jpeg?auto=compress&cs=tinysrgb&fit=crop&h=627&w=1200","https://images.pexels.com/photos/1002695/pexels-photo-1002695.jpeg?auto=compress&cs=tinysrgb&fit=crop&h=627&w=1200","산티아고","아테네","true","true"
"corpus:801f936e9f33a1c8aa998a3f","corpus:238a7b2335d4a59ee23426f2","0","https://images.pexels.com/photos/1002695/pexels-photo-1002695.jpeg?auto=compress&cs=tinysrgb&fit=crop&h=627&w=1200","https://images.pexels.com/photos/1002695/pexels-photo-1002695.jpeg?auto=compress&cs=tinysrgb&fit=crop&h=627&w=1200","산티아고","콜롬보","true","true"
"corpus:801f936e9f33a1c8aa998a3f","corpus:4c6ed79c9ad981d13d0f2045","0","https://images.pexels.com/photos/1002695/pexels-photo-1002695.jpeg?auto=compress&cs=tinysrgb&fit=crop&h=627&w=1200","https://images.pexels.com/photos/1002695/pexels-photo-1002695.jpeg?auto=compress&cs=tinysrgb&fit=crop&h=627&w=1200","산티아고","바르셀로나","true","true"
"corpus:47ac8dfbb5fe953875198372","corpus:0010104bcf3e8873712c431c","0","https://images.pexels.com/photos/38484227/pexels-photo-38484227.jpeg?auto=compress&cs=tinysrgb&fit=crop&h=627&w=1200","https://images.pexels.com/photos/38484227/pexels-photo-38484227.jpeg?auto=compress&cs=tinysrgb&fit=crop&h=627&w=1200","산티아고","니스","true","true"
"corpus:47ac8dfbb5fe953875198372","corpus:8df249bb29022ed3c5a710bc","0","https://images.pexels.com/photos/38484227/pexels-photo-38484227.jpeg?auto=compress&cs=tinysrgb&fit=crop&h=627&w=1200","https://images.pexels.com/photos/38484227/pexels-photo-38484227.jpeg?auto=compress&cs=tinysrgb&fit=crop&h=627&w=1200","산티아고","조호르바루","true","true"
"corpus:47ac8dfbb5fe953875198372","corpus:99b3fa26df9143ce033be5e0","0","https://images.pexels.com/photos/38484227/pexels-photo-38484227.jpeg?auto=compress&cs=tinysrgb&fit=crop&h=627&w=1200","https://images.pexels.com/photos/38484227/pexels-photo-38484227.jpeg?auto=compress&cs=tinysrgb&fit=crop&h=627&w=1200","산티아고","리우데자네이루","true","true"
"corpus:47ac8dfbb5fe953875198372","corpus:1fbac01a1b7b534ee18f2d87","0","https://images.pexels.com/photos/38484227/pexels-photo-38484227.jpeg?auto=compress&cs=tinysrgb&fit=crop&h=627&w=1200","https://images.pexels.com/photos/38484227/pexels-photo-38484227.jpeg?auto=compress&cs=tinysrgb&fit=crop&h=627&w=1200","산티아고","골드코스트","true","true"
"corpus:47ac8dfbb5fe953875198372","corpus:537df40a7a1f21e23f3d612f","0","https://images.pexels.com/photos/38484227/pexels-photo-38484227.jpeg?auto=compress&cs=tinysrgb&fit=crop&h=627&w=1200","https://images.pexels.com/photos/38484227/pexels-photo-38484227.jpeg?auto=compress&cs=tinysrgb&fit=crop&h=627&w=1200","산티아고","퍼스","true","true"
"corpus:47ac8dfbb5fe953875198372","corpus:bf1ca481b6acadc7f224c376","0","https://images.pexels.com/photos/38484227/pexels-photo-38484227.jpeg?auto=compress&cs=tinysrgb&fit=crop&h=627&w=1200","https://images.pexels.com/photos/38484227/pexels-photo-38484227.jpeg?auto=compress&cs=tinysrgb&fit=crop&h=627&w=1200","산티아고","케언스","true","true"
"corpus:47ac8dfbb5fe953875198372","corpus:40a8001451620f51a6ab8437","0","https://images.pexels.com/photos/38484227/pexels-photo-38484227.jpeg?auto=compress&cs=tinysrgb&fit=crop&h=627&w=1200","https://images.pexels.com/photos/38484227/pexels-photo-38484227.jpeg?auto=compress&cs=tinysrgb&fit=crop&h=627&w=1200","산티아고","오슬로","true","true"
"corpus:47ac8dfbb5fe953875198372","corpus:46c5e08a71c86ac02b64fbf5","0","https://images.pexels.com/photos/38484227/pexels-photo-38484227.jpeg?auto=compress&cs=tinysrgb&fit=crop&h=627&w=1200","https://images.pexels.com/photos/38484227/pexels-photo-38484227.jpeg?auto=compress&cs=tinysrgb&fit=crop&h=627&w=1200","산티아고","콜롬보","true","true"
"corpus:47ac8dfbb5fe953875198372","corpus:18cc16449c1e511f082390d5","0","https://images.pexels.com/photos/38484227/pexels-photo-38484227.jpeg?auto=compress&cs=tinysrgb&fit=crop&h=627&w=1200","https://images.pexels.com/photos/38484227/pexels-photo-38484227.jpeg?auto=compress&cs=tinysrgb&fit=crop&h=627&w=1200","산티아고","양곤","true","true"
"corpus:47ac8dfbb5fe953875198372","corpus:f8f53f71a5452b6873c19974","0","https://images.pexels.com/photos/38484227/pexels-photo-38484227.jpeg?auto=compress&cs=tinysrgb&fit=crop&h=627&w=1200","https://images.pexels.com/photos/38484227/pexels-photo-38484227.jpeg?auto=compress&cs=tinysrgb&fit=crop&h=627&w=1200","산티아고","수라바야","true","true"
"corpus:47ac8dfbb5fe953875198372","corpus:a25747b5a4dac08274c5a246","0","https://images.pexels.com/photos/38484227/pexels-photo-38484227.jpeg?auto=compress&cs=tinysrgb&fit=crop&h=627&w=1200","https://images.pexels.com/photos/38484227/pexels-photo-38484227.jpeg?auto=compress&cs=tinysrgb&fit=crop&h=627&w=1200","산티아고","만달레이","true","true"
"corpus:14ad3c2af09458b5728e7872","corpus:beab53323c5436d77f5c5a18","0","https://images.pexels.com/photos/10653712/pexels-photo-10653712.jpeg?auto=compress&cs=tinysrgb&fit=crop&h=627&w=1200","https://images.pexels.com/photos/10653712/pexels-photo-10653712.jpeg?auto=compress&cs=tinysrgb&fit=crop&h=627&w=1200","산티아고","콜롬보","true","true"
"corpus:cf8e36a445f71115f4d3053c","corpus:f513910bc9146cccf58fa89c","0","https://images.pexels.com/photos/7973587/pexels-photo-7973587.jpeg?auto=compress&cs=tinysrgb&fit=crop&h=627&w=1200","https://images.pexels.com/photos/7973587/pexels-photo-7973587.jpeg?auto=compress&cs=tinysrgb&fit=crop&h=627&w=1200","니스","조호르바루","true","true"
"corpus:cf8e36a445f71115f4d3053c","corpus:930773d36c804ad33363ea73","0","https://images.pexels.com/photos/7973587/pexels-photo-7973587.jpeg?auto=compress&cs=tinysrgb&fit=crop&h=627&w=1200","https://images.pexels.com/photos/7973587/pexels-photo-7973587.jpeg?auto=compress&cs=tinysrgb&fit=crop&h=627&w=1200","니스","퍼스","true","true"
"corpus:cf8e36a445f71115f4d3053c","corpus:ace80f0bc4950aa2fea45227","0","https://images.pexels.com/photos/7973587/pexels-photo-7973587.jpeg?auto=compress&cs=tinysrgb&fit=crop&h=627&w=1200","https://images.pexels.com/photos/7973587/pexels-photo-7973587.jpeg?auto=compress&cs=tinysrgb&fit=crop&h=627&w=1200","니스","오슬로","true","true"
"corpus:0010104bcf3e8873712c431c","corpus:8df249bb29022ed3c5a710bc","0","https://images.pexels.com/photos/38484227/pexels-photo-38484227.jpeg?auto=compress&cs=tinysrgb&fit=crop&h=627&w=1200","https://images.pexels.com/photos/38484227/pexels-photo-38484227.jpeg?auto=compress&cs=tinysrgb&fit=crop&h=627&w=1200","니스","조호르바루","true","true"
"corpus:0010104bcf3e8873712c431c","corpus:99b3fa26df9143ce033be5e0","0","https://images.pexels.com/photos/38484227/pexels-photo-38484227.jpeg?auto=compress&cs=tinysrgb&fit=crop&h=627&w=1200","https://images.pexels.com/photos/38484227/pexels-photo-38484227.jpeg?auto=compress&cs=tinysrgb&fit=crop&h=627&w=1200","니스","리우데자네이루","true","true"
"corpus:0010104bcf3e8873712c431c","corpus:1fbac01a1b7b534ee18f2d87","0","https://images.pexels.com/photos/38484227/pexels-photo-38484227.jpeg?auto=compress&cs=tinysrgb&fit=crop&h=627&w=1200","https://images.pexels.com/photos/38484227/pexels-photo-38484227.jpeg?auto=compress&cs=tinysrgb&fit=crop&h=627&w=1200","니스","골드코스트","true","true"
"corpus:0010104bcf3e8873712c431c","corpus:537df40a7a1f21e23f3d612f","0","https://images.pexels.com/photos/38484227/pexels-photo-38484227.jpeg?auto=compress&cs=tinysrgb&fit=crop&h=627&w=1200","https://images.pexels.com/photos/38484227/pexels-photo-38484227.jpeg?auto=compress&cs=tinysrgb&fit=crop&h=627&w=1200","니스","퍼스","true","true"
"corpus:0010104bcf3e8873712c431c","corpus:bf1ca481b6acadc7f224c376","0","https://images.pexels.com/photos/38484227/pexels-photo-38484227.jpeg?auto=compress&cs=tinysrgb&fit=crop&h=627&w=1200","https://images.pexels.com/photos/38484227/pexels-photo-38484227.jpeg?auto=compress&cs=tinysrgb&fit=crop&h=627&w=1200","니스","케언스","true","true"
"corpus:0010104bcf3e8873712c431c","corpus:40a8001451620f51a6ab8437","0","https://images.pexels.com/photos/38484227/pexels-photo-38484227.jpeg?auto=compress&cs=tinysrgb&fit=crop&h=627&w=1200","https://images.pexels.com/photos/38484227/pexels-photo-38484227.jpeg?auto=compress&cs=tinysrgb&fit=crop&h=627&w=1200","니스","오슬로","true","true"
"corpus:0010104bcf3e8873712c431c","corpus:46c5e08a71c86ac02b64fbf5","0","https://images.pexels.com/photos/38484227/pexels-photo-38484227.jpeg?auto=compress&cs=tinysrgb&fit=crop&h=627&w=1200","https://images.pexels.com/photos/38484227/pexels-photo-38484227.jpeg?auto=compress&cs=tinysrgb&fit=crop&h=627&w=1200","니스","콜롬보","true","true"
"corpus:0010104bcf3e8873712c431c","corpus:18cc16449c1e511f082390d5","0","https://images.pexels.com/photos/38484227/pexels-photo-38484227.jpeg?auto=compress&cs=tinysrgb&fit=crop&h=627&w=1200","https://images.pexels.com/photos/38484227/pexels-photo-38484227.jpeg?auto=compress&cs=tinysrgb&fit=crop&h=627&w=1200","니스","양곤","true","true"
"corpus:0010104bcf3e8873712c431c","corpus:f8f53f71a5452b6873c19974","0","https://images.pexels.com/photos/38484227/pexels-photo-38484227.jpeg?auto=compress&cs=tinysrgb&fit=crop&h=627&w=1200","https://images.pexels.com/photos/38484227/pexels-photo-38484227.jpeg?auto=compress&cs=tinysrgb&fit=crop&h=627&w=1200","니스","수라바야","true","true"
"corpus:0010104bcf3e8873712c431c","corpus:a25747b5a4dac08274c5a246","0","https://images.pexels.com/photos/38484227/pexels-photo-38484227.jpeg?auto=compress&cs=tinysrgb&fit=crop&h=627&w=1200","https://images.pexels.com/photos/38484227/pexels-photo-38484227.jpeg?auto=compress&cs=tinysrgb&fit=crop&h=627&w=1200","니스","만달레이","true","true"
"corpus:dff6bfdf610bc9f22924eef3","corpus:4e40037ceabbdbacacde996a","0","https://images.pexels.com/photos/20495838/pexels-photo-20495838.jpeg?auto=compress&cs=tinysrgb&fit=crop&h=627&w=1200","https://images.pexels.com/photos/20495838/pexels-photo-20495838.jpeg?auto=compress&cs=tinysrgb&fit=crop&h=627&w=1200","니스","씨엠립","true","true"
"corpus:dff6bfdf610bc9f22924eef3","corpus:382adad73f1496dce86ecd79","0","https://images.pexels.com/photos/20495838/pexels-photo-20495838.jpeg?auto=compress&cs=tinysrgb&fit=crop&h=627&w=1200","https://images.pexels.com/photos/20495838/pexels-photo-20495838.jpeg?auto=compress&cs=tinysrgb&fit=crop&h=627&w=1200","니스","상하이","true","true"
"corpus:8df249bb29022ed3c5a710bc","corpus:99b3fa26df9143ce033be5e0","0","https://images.pexels.com/photos/38484227/pexels-photo-38484227.jpeg?auto=compress&cs=tinysrgb&fit=crop&h=627&w=1200","https://images.pexels.com/photos/38484227/pexels-photo-38484227.jpeg?auto=compress&cs=tinysrgb&fit=crop&h=627&w=1200","조호르바루","리우데자네이루","true","true"
"corpus:8df249bb29022ed3c5a710bc","corpus:1fbac01a1b7b534ee18f2d87","0","https://images.pexels.com/photos/38484227/pexels-photo-38484227.jpeg?auto=compress&cs=tinysrgb&fit=crop&h=627&w=1200","https://images.pexels.com/photos/38484227/pexels-photo-38484227.jpeg?auto=compress&cs=tinysrgb&fit=crop&h=627&w=1200","조호르바루","골드코스트","true","true"
"corpus:8df249bb29022ed3c5a710bc","corpus:537df40a7a1f21e23f3d612f","0","https://images.pexels.com/photos/38484227/pexels-photo-38484227.jpeg?auto=compress&cs=tinysrgb&fit=crop&h=627&w=1200","https://images.pexels.com/photos/38484227/pexels-photo-38484227.jpeg?auto=compress&cs=tinysrgb&fit=crop&h=627&w=1200","조호르바루","퍼스","true","true"
"corpus:8df249bb29022ed3c5a710bc","corpus:bf1ca481b6acadc7f224c376","0","https://images.pexels.com/photos/38484227/pexels-photo-38484227.jpeg?auto=compress&cs=tinysrgb&fit=crop&h=627&w=1200","https://images.pexels.com/photos/38484227/pexels-photo-38484227.jpeg?auto=compress&cs=tinysrgb&fit=crop&h=627&w=1200","조호르바루","케언스","true","true"
"corpus:8df249bb29022ed3c5a710bc","corpus:40a8001451620f51a6ab8437","0","https://images.pexels.com/photos/38484227/pexels-photo-38484227.jpeg?auto=compress&cs=tinysrgb&fit=crop&h=627&w=1200","https://images.pexels.com/photos/38484227/pexels-photo-38484227.jpeg?auto=compress&cs=tinysrgb&fit=crop&h=627&w=1200","조호르바루","오슬로","true","true"
"corpus:8df249bb29022ed3c5a710bc","corpus:46c5e08a71c86ac02b64fbf5","0","https://images.pexels.com/photos/38484227/pexels-photo-38484227.jpeg?auto=compress&cs=tinysrgb&fit=crop&h=627&w=1200","https://images.pexels.com/photos/38484227/pexels-photo-38484227.jpeg?auto=compress&cs=tinysrgb&fit=crop&h=627&w=1200","조호르바루","콜롬보","true","true"
"corpus:8df249bb29022ed3c5a710bc","corpus:18cc16449c1e511f082390d5","0","https://images.pexels.com/photos/38484227/pexels-photo-38484227.jpeg?auto=compress&cs=tinysrgb&fit=crop&h=627&w=1200","https://images.pexels.com/photos/38484227/pexels-photo-38484227.jpeg?auto=compress&cs=tinysrgb&fit=crop&h=627&w=1200","조호르바루","양곤","true","true"
"corpus:8df249bb29022ed3c5a710bc","corpus:f8f53f71a5452b6873c19974","0","https://images.pexels.com/photos/38484227/pexels-photo-38484227.jpeg?auto=compress&cs=tinysrgb&fit=crop&h=627&w=1200","https://images.pexels.com/photos/38484227/pexels-photo-38484227.jpeg?auto=compress&cs=tinysrgb&fit=crop&h=627&w=1200","조호르바루","수라바야","true","true"
"corpus:8df249bb29022ed3c5a710bc","corpus:a25747b5a4dac08274c5a246","0","https://images.pexels.com/photos/38484227/pexels-photo-38484227.jpeg?auto=compress&cs=tinysrgb&fit=crop&h=627&w=1200","https://images.pexels.com/photos/38484227/pexels-photo-38484227.jpeg?auto=compress&cs=tinysrgb&fit=crop&h=627&w=1200","조호르바루","만달레이","true","true"
"corpus:f513910bc9146cccf58fa89c","corpus:930773d36c804ad33363ea73","0","https://images.pexels.com/photos/7973587/pexels-photo-7973587.jpeg?auto=compress&cs=tinysrgb&fit=crop&h=627&w=1200","https://images.pexels.com/photos/7973587/pexels-photo-7973587.jpeg?auto=compress&cs=tinysrgb&fit=crop&h=627&w=1200","조호르바루","퍼스","true","true"
"corpus:f513910bc9146cccf58fa89c","corpus:ace80f0bc4950aa2fea45227","0","https://images.pexels.com/photos/7973587/pexels-photo-7973587.jpeg?auto=compress&cs=tinysrgb&fit=crop&h=627&w=1200","https://images.pexels.com/photos/7973587/pexels-photo-7973587.jpeg?auto=compress&cs=tinysrgb&fit=crop&h=627&w=1200","조호르바루","오슬로","true","true"
"corpus:99b3fa26df9143ce033be5e0","corpus:1fbac01a1b7b534ee18f2d87","0","https://images.pexels.com/photos/38484227/pexels-photo-38484227.jpeg?auto=compress&cs=tinysrgb&fit=crop&h=627&w=1200","https://images.pexels.com/photos/38484227/pexels-photo-38484227.jpeg?auto=compress&cs=tinysrgb&fit=crop&h=627&w=1200","리우데자네이루","골드코스트","true","true"
"corpus:99b3fa26df9143ce033be5e0","corpus:537df40a7a1f21e23f3d612f","0","https://images.pexels.com/photos/38484227/pexels-photo-38484227.jpeg?auto=compress&cs=tinysrgb&fit=crop&h=627&w=1200","https://images.pexels.com/photos/38484227/pexels-photo-38484227.jpeg?auto=compress&cs=tinysrgb&fit=crop&h=627&w=1200","리우데자네이루","퍼스","true","true"
"corpus:99b3fa26df9143ce033be5e0","corpus:bf1ca481b6acadc7f224c376","0","https://images.pexels.com/photos/38484227/pexels-photo-38484227.jpeg?auto=compress&cs=tinysrgb&fit=crop&h=627&w=1200","https://images.pexels.com/photos/38484227/pexels-photo-38484227.jpeg?auto=compress&cs=tinysrgb&fit=crop&h=627&w=1200","리우데자네이루","케언스","true","true"
"corpus:99b3fa26df9143ce033be5e0","corpus:40a8001451620f51a6ab8437","0","https://images.pexels.com/photos/38484227/pexels-photo-38484227.jpeg?auto=compress&cs=tinysrgb&fit=crop&h=627&w=1200","https://images.pexels.com/photos/38484227/pexels-photo-38484227.jpeg?auto=compress&cs=tinysrgb&fit=crop&h=627&w=1200","리우데자네이루","오슬로","true","true"
"corpus:99b3fa26df9143ce033be5e0","corpus:46c5e08a71c86ac02b64fbf5","0","https://images.pexels.com/photos/38484227/pexels-photo-38484227.jpeg?auto=compress&cs=tinysrgb&fit=crop&h=627&w=1200","https://images.pexels.com/photos/38484227/pexels-photo-38484227.jpeg?auto=compress&cs=tinysrgb&fit=crop&h=627&w=1200","리우데자네이루","콜롬보","true","true"
"corpus:99b3fa26df9143ce033be5e0","corpus:18cc16449c1e511f082390d5","0","https://images.pexels.com/photos/38484227/pexels-photo-38484227.jpeg?auto=compress&cs=tinysrgb&fit=crop&h=627&w=1200","https://images.pexels.com/photos/38484227/pexels-photo-38484227.jpeg?auto=compress&cs=tinysrgb&fit=crop&h=627&w=1200","리우데자네이루","양곤","true","true"
"corpus:99b3fa26df9143ce033be5e0","corpus:f8f53f71a5452b6873c19974","0","https://images.pexels.com/photos/38484227/pexels-photo-38484227.jpeg?auto=compress&cs=tinysrgb&fit=crop&h=627&w=1200","https://images.pexels.com/photos/38484227/pexels-photo-38484227.jpeg?auto=compress&cs=tinysrgb&fit=crop&h=627&w=1200","리우데자네이루","수라바야","true","true"
"corpus:99b3fa26df9143ce033be5e0","corpus:a25747b5a4dac08274c5a246","0","https://images.pexels.com/photos/38484227/pexels-photo-38484227.jpeg?auto=compress&cs=tinysrgb&fit=crop&h=627&w=1200","https://images.pexels.com/photos/38484227/pexels-photo-38484227.jpeg?auto=compress&cs=tinysrgb&fit=crop&h=627&w=1200","리우데자네이루","만달레이","true","true"
"corpus:aca9eb2c571b8fe9094c39db","corpus:6921974f08d1f85d12f33139","0","https://images.pexels.com/photos/1002695/pexels-photo-1002695.jpeg?auto=compress&cs=tinysrgb&fit=crop&h=627&w=1200","https://images.pexels.com/photos/1002695/pexels-photo-1002695.jpeg?auto=compress&cs=tinysrgb&fit=crop&h=627&w=1200","리우데자네이루","아테네","true","true"
"corpus:aca9eb2c571b8fe9094c39db","corpus:238a7b2335d4a59ee23426f2","0","https://images.pexels.com/photos/1002695/pexels-photo-1002695.jpeg?auto=compress&cs=tinysrgb&fit=crop&h=627&w=1200","https://images.pexels.com/photos/1002695/pexels-photo-1002695.jpeg?auto=compress&cs=tinysrgb&fit=crop&h=627&w=1200","리우데자네이루","콜롬보","true","true"
"corpus:aca9eb2c571b8fe9094c39db","corpus:4c6ed79c9ad981d13d0f2045","0","https://images.pexels.com/photos/1002695/pexels-photo-1002695.jpeg?auto=compress&cs=tinysrgb&fit=crop&h=627&w=1200","https://images.pexels.com/photos/1002695/pexels-photo-1002695.jpeg?auto=compress&cs=tinysrgb&fit=crop&h=627&w=1200","리우데자네이루","바르셀로나","true","true"
"corpus:1fbac01a1b7b534ee18f2d87","corpus:537df40a7a1f21e23f3d612f","0","https://images.pexels.com/photos/38484227/pexels-photo-38484227.jpeg?auto=compress&cs=tinysrgb&fit=crop&h=627&w=1200","https://images.pexels.com/photos/38484227/pexels-photo-38484227.jpeg?auto=compress&cs=tinysrgb&fit=crop&h=627&w=1200","골드코스트","퍼스","true","true"
"corpus:1fbac01a1b7b534ee18f2d87","corpus:bf1ca481b6acadc7f224c376","0","https://images.pexels.com/photos/38484227/pexels-photo-38484227.jpeg?auto=compress&cs=tinysrgb&fit=crop&h=627&w=1200","https://images.pexels.com/photos/38484227/pexels-photo-38484227.jpeg?auto=compress&cs=tinysrgb&fit=crop&h=627&w=1200","골드코스트","케언스","true","true"
"corpus:1fbac01a1b7b534ee18f2d87","corpus:40a8001451620f51a6ab8437","0","https://images.pexels.com/photos/38484227/pexels-photo-38484227.jpeg?auto=compress&cs=tinysrgb&fit=crop&h=627&w=1200","https://images.pexels.com/photos/38484227/pexels-photo-38484227.jpeg?auto=compress&cs=tinysrgb&fit=crop&h=627&w=1200","골드코스트","오슬로","true","true"
"corpus:1fbac01a1b7b534ee18f2d87","corpus:46c5e08a71c86ac02b64fbf5","0","https://images.pexels.com/photos/38484227/pexels-photo-38484227.jpeg?auto=compress&cs=tinysrgb&fit=crop&h=627&w=1200","https://images.pexels.com/photos/38484227/pexels-photo-38484227.jpeg?auto=compress&cs=tinysrgb&fit=crop&h=627&w=1200","골드코스트","콜롬보","true","true"
"corpus:1fbac01a1b7b534ee18f2d87","corpus:18cc16449c1e511f082390d5","0","https://images.pexels.com/photos/38484227/pexels-photo-38484227.jpeg?auto=compress&cs=tinysrgb&fit=crop&h=627&w=1200","https://images.pexels.com/photos/38484227/pexels-photo-38484227.jpeg?auto=compress&cs=tinysrgb&fit=crop&h=627&w=1200","골드코스트","양곤","true","true"
"corpus:1fbac01a1b7b534ee18f2d87","corpus:f8f53f71a5452b6873c19974","0","https://images.pexels.com/photos/38484227/pexels-photo-38484227.jpeg?auto=compress&cs=tinysrgb&fit=crop&h=627&w=1200","https://images.pexels.com/photos/38484227/pexels-photo-38484227.jpeg?auto=compress&cs=tinysrgb&fit=crop&h=627&w=1200","골드코스트","수라바야","true","true"
"corpus:1fbac01a1b7b534ee18f2d87","corpus:a25747b5a4dac08274c5a246","0","https://images.pexels.com/photos/38484227/pexels-photo-38484227.jpeg?auto=compress&cs=tinysrgb&fit=crop&h=627&w=1200","https://images.pexels.com/photos/38484227/pexels-photo-38484227.jpeg?auto=compress&cs=tinysrgb&fit=crop&h=627&w=1200","골드코스트","만달레이","true","true"
"corpus:e0e84d540d6da7bb5513c9b8","corpus:989ae4b06ca03a5fa49f1597","0","https://images.pexels.com/photos/38199870/pexels-photo-38199870.jpeg?auto=compress&cs=tinysrgb&fit=crop&h=627&w=1200","https://images.pexels.com/photos/38199870/pexels-photo-38199870.jpeg?auto=compress&cs=tinysrgb&fit=crop&h=627&w=1200","골드코스트","만달레이","true","true"
"corpus:f4f64dd3cf45d9eefb55ba27","corpus:fa7d92d72ba6cb880902e3f9","2","https://images.pexels.com/photos/1408851/pexels-photo-1408851.jpeg?auto=compress&cs=tinysrgb&fit=crop&h=627&w=1200","https://images.pexels.com/photos/6552837/pexels-photo-6552837.jpeg?auto=compress&cs=tinysrgb&dpr=2&h=650&w=940","칸쿤","보홀","false","false"
"corpus:f4f64dd3cf45d9eefb55ba27","corpus:a8fc349d66be767332756abd","4","https://images.pexels.com/photos/1408851/pexels-photo-1408851.jpeg?auto=compress&cs=tinysrgb&fit=crop&h=627&w=1200","https://images.pexels.com/photos/31993261/pexels-photo-31993261.jpeg?auto=compress&cs=tinysrgb&dpr=2&h=650&w=940","칸쿤","나트랑","false","false"
"corpus:7208976b8142813faeb2f3db","corpus:e4be3f92b1347ff8c9d54a34","0","https://images.pexels.com/photos/15375185/pexels-photo-15375185.jpeg?auto=compress&cs=tinysrgb&fit=crop&h=627&w=1200","https://images.pexels.com/photos/15375185/pexels-photo-15375185.jpeg?auto=compress&cs=tinysrgb&fit=crop&h=627&w=1200","상파울루","씨엠립","true","true"
"corpus:7208976b8142813faeb2f3db","corpus:26ca4ba7e459e3faccd12580","0","https://images.pexels.com/photos/15375185/pexels-photo-15375185.jpeg?auto=compress&cs=tinysrgb&fit=crop&h=627&w=1200","https://images.pexels.com/photos/15375185/pexels-photo-15375185.jpeg?auto=compress&cs=tinysrgb&fit=crop&h=627&w=1200","상파울루","호화호특","true","true"
"corpus:7208976b8142813faeb2f3db","corpus:fa7d92d72ba6cb880902e3f9","4","https://images.pexels.com/photos/15375185/pexels-photo-15375185.jpeg?auto=compress&cs=tinysrgb&fit=crop&h=627&w=1200","https://images.pexels.com/photos/6552837/pexels-photo-6552837.jpeg?auto=compress&cs=tinysrgb&dpr=2&h=650&w=940","상파울루","보홀","false","false"
"corpus:218e0b44e25947d56e11d73c","corpus:4aa69baf47a8782dff8a34f2","0","https://images.pexels.com/photos/11314621/pexels-photo-11314621.jpeg?auto=compress&cs=tinysrgb&fit=crop&h=627&w=1200","https://images.pexels.com/photos/11314621/pexels-photo-11314621.jpeg?auto=compress&cs=tinysrgb&fit=crop&h=627&w=1200","상파울루","서울","true","true"
"corpus:61d9fc7f24a5f8d72fe22972","corpus:909de1cb58ee6e35d82cfa73","0","https://images.pexels.com/photos/6163066/pexels-photo-6163066.jpeg?auto=compress&cs=tinysrgb&fit=crop&h=627&w=1200","https://images.pexels.com/photos/6163066/pexels-photo-6163066.jpeg?auto=compress&cs=tinysrgb&fit=crop&h=627&w=1200","퍼스","스톡홀름","true","true"
"corpus:930773d36c804ad33363ea73","corpus:ace80f0bc4950aa2fea45227","0","https://images.pexels.com/photos/7973587/pexels-photo-7973587.jpeg?auto=compress&cs=tinysrgb&fit=crop&h=627&w=1200","https://images.pexels.com/photos/7973587/pexels-photo-7973587.jpeg?auto=compress&cs=tinysrgb&fit=crop&h=627&w=1200","퍼스","오슬로","true","true"
"corpus:537df40a7a1f21e23f3d612f","corpus:bf1ca481b6acadc7f224c376","0","https://images.pexels.com/photos/38484227/pexels-photo-38484227.jpeg?auto=compress&cs=tinysrgb&fit=crop&h=627&w=1200","https://images.pexels.com/photos/38484227/pexels-photo-38484227.jpeg?auto=compress&cs=tinysrgb&fit=crop&h=627&w=1200","퍼스","케언스","true","true"
"corpus:537df40a7a1f21e23f3d612f","corpus:40a8001451620f51a6ab8437","0","https://images.pexels.com/photos/38484227/pexels-photo-38484227.jpeg?auto=compress&cs=tinysrgb&fit=crop&h=627&w=1200","https://images.pexels.com/photos/38484227/pexels-photo-38484227.jpeg?auto=compress&cs=tinysrgb&fit=crop&h=627&w=1200","퍼스","오슬로","true","true"
"corpus:537df40a7a1f21e23f3d612f","corpus:46c5e08a71c86ac02b64fbf5","0","https://images.pexels.com/photos/38484227/pexels-photo-38484227.jpeg?auto=compress&cs=tinysrgb&fit=crop&h=627&w=1200","https://images.pexels.com/photos/38484227/pexels-photo-38484227.jpeg?auto=compress&cs=tinysrgb&fit=crop&h=627&w=1200","퍼스","콜롬보","true","true"
"corpus:537df40a7a1f21e23f3d612f","corpus:18cc16449c1e511f082390d5","0","https://images.pexels.com/photos/38484227/pexels-photo-38484227.jpeg?auto=compress&cs=tinysrgb&fit=crop&h=627&w=1200","https://images.pexels.com/photos/38484227/pexels-photo-38484227.jpeg?auto=compress&cs=tinysrgb&fit=crop&h=627&w=1200","퍼스","양곤","true","true"
"corpus:537df40a7a1f21e23f3d612f","corpus:f8f53f71a5452b6873c19974","0","https://images.pexels.com/photos/38484227/pexels-photo-38484227.jpeg?auto=compress&cs=tinysrgb&fit=crop&h=627&w=1200","https://images.pexels.com/photos/38484227/pexels-photo-38484227.jpeg?auto=compress&cs=tinysrgb&fit=crop&h=627&w=1200","퍼스","수라바야","true","true"
"corpus:537df40a7a1f21e23f3d612f","corpus:a25747b5a4dac08274c5a246","0","https://images.pexels.com/photos/38484227/pexels-photo-38484227.jpeg?auto=compress&cs=tinysrgb&fit=crop&h=627&w=1200","https://images.pexels.com/photos/38484227/pexels-photo-38484227.jpeg?auto=compress&cs=tinysrgb&fit=crop&h=627&w=1200","퍼스","만달레이","true","true"
"corpus:bf1ca481b6acadc7f224c376","corpus:40a8001451620f51a6ab8437","0","https://images.pexels.com/photos/38484227/pexels-photo-38484227.jpeg?auto=compress&cs=tinysrgb&fit=crop&h=627&w=1200","https://images.pexels.com/photos/38484227/pexels-photo-38484227.jpeg?auto=compress&cs=tinysrgb&fit=crop&h=627&w=1200","케언스","오슬로","true","true"
"corpus:bf1ca481b6acadc7f224c376","corpus:46c5e08a71c86ac02b64fbf5","0","https://images.pexels.com/photos/38484227/pexels-photo-38484227.jpeg?auto=compress&cs=tinysrgb&fit=crop&h=627&w=1200","https://images.pexels.com/photos/38484227/pexels-photo-38484227.jpeg?auto=compress&cs=tinysrgb&fit=crop&h=627&w=1200","케언스","콜롬보","true","true"
"corpus:bf1ca481b6acadc7f224c376","corpus:18cc16449c1e511f082390d5","0","https://images.pexels.com/photos/38484227/pexels-photo-38484227.jpeg?auto=compress&cs=tinysrgb&fit=crop&h=627&w=1200","https://images.pexels.com/photos/38484227/pexels-photo-38484227.jpeg?auto=compress&cs=tinysrgb&fit=crop&h=627&w=1200","케언스","양곤","true","true"
"corpus:bf1ca481b6acadc7f224c376","corpus:f8f53f71a5452b6873c19974","0","https://images.pexels.com/photos/38484227/pexels-photo-38484227.jpeg?auto=compress&cs=tinysrgb&fit=crop&h=627&w=1200","https://images.pexels.com/photos/38484227/pexels-photo-38484227.jpeg?auto=compress&cs=tinysrgb&fit=crop&h=627&w=1200","케언스","수라바야","true","true"
"corpus:bf1ca481b6acadc7f224c376","corpus:a25747b5a4dac08274c5a246","0","https://images.pexels.com/photos/38484227/pexels-photo-38484227.jpeg?auto=compress&cs=tinysrgb&fit=crop&h=627&w=1200","https://images.pexels.com/photos/38484227/pexels-photo-38484227.jpeg?auto=compress&cs=tinysrgb&fit=crop&h=627&w=1200","케언스","만달레이","true","true"
"corpus:00850da8170cc309e4d77e81","corpus:13605a0f2d64cac0090b4e31","0","https://images.pexels.com/photos/38349150/pexels-photo-38349150.jpeg?auto=compress&cs=tinysrgb&fit=crop&h=627&w=1200","https://images.pexels.com/photos/38349150/pexels-photo-38349150.jpeg?auto=compress&cs=tinysrgb&fit=crop&h=627&w=1200","케언스","에든버러","true","true"
"corpus:40a8001451620f51a6ab8437","corpus:46c5e08a71c86ac02b64fbf5","0","https://images.pexels.com/photos/38484227/pexels-photo-38484227.jpeg?auto=compress&cs=tinysrgb&fit=crop&h=627&w=1200","https://images.pexels.com/photos/38484227/pexels-photo-38484227.jpeg?auto=compress&cs=tinysrgb&fit=crop&h=627&w=1200","오슬로","콜롬보","true","true"
"corpus:40a8001451620f51a6ab8437","corpus:18cc16449c1e511f082390d5","0","https://images.pexels.com/photos/38484227/pexels-photo-38484227.jpeg?auto=compress&cs=tinysrgb&fit=crop&h=627&w=1200","https://images.pexels.com/photos/38484227/pexels-photo-38484227.jpeg?auto=compress&cs=tinysrgb&fit=crop&h=627&w=1200","오슬로","양곤","true","true"
"corpus:40a8001451620f51a6ab8437","corpus:f8f53f71a5452b6873c19974","0","https://images.pexels.com/photos/38484227/pexels-photo-38484227.jpeg?auto=compress&cs=tinysrgb&fit=crop&h=627&w=1200","https://images.pexels.com/photos/38484227/pexels-photo-38484227.jpeg?auto=compress&cs=tinysrgb&fit=crop&h=627&w=1200","오슬로","수라바야","true","true"
"corpus:40a8001451620f51a6ab8437","corpus:a25747b5a4dac08274c5a246","0","https://images.pexels.com/photos/38484227/pexels-photo-38484227.jpeg?auto=compress&cs=tinysrgb&fit=crop&h=627&w=1200","https://images.pexels.com/photos/38484227/pexels-photo-38484227.jpeg?auto=compress&cs=tinysrgb&fit=crop&h=627&w=1200","오슬로","만달레이","true","true"
"corpus:6921974f08d1f85d12f33139","corpus:238a7b2335d4a59ee23426f2","0","https://images.pexels.com/photos/1002695/pexels-photo-1002695.jpeg?auto=compress&cs=tinysrgb&fit=crop&h=627&w=1200","https://images.pexels.com/photos/1002695/pexels-photo-1002695.jpeg?auto=compress&cs=tinysrgb&fit=crop&h=627&w=1200","아테네","콜롬보","true","true"
"corpus:6921974f08d1f85d12f33139","corpus:4c6ed79c9ad981d13d0f2045","0","https://images.pexels.com/photos/1002695/pexels-photo-1002695.jpeg?auto=compress&cs=tinysrgb&fit=crop&h=627&w=1200","https://images.pexels.com/photos/1002695/pexels-photo-1002695.jpeg?auto=compress&cs=tinysrgb&fit=crop&h=627&w=1200","아테네","바르셀로나","true","true"
"corpus:1ee212a1393db2c780496e3c","corpus:fa7d92d72ba6cb880902e3f9","4","https://images.pexels.com/photos/4946806/pexels-photo-4946806.jpeg?auto=compress&cs=tinysrgb&fit=crop&h=627&w=1200","https://images.pexels.com/photos/6552837/pexels-photo-6552837.jpeg?auto=compress&cs=tinysrgb&dpr=2&h=650&w=940","비엔티안","보홀","false","false"
"corpus:46c5e08a71c86ac02b64fbf5","corpus:18cc16449c1e511f082390d5","0","https://images.pexels.com/photos/38484227/pexels-photo-38484227.jpeg?auto=compress&cs=tinysrgb&fit=crop&h=627&w=1200","https://images.pexels.com/photos/38484227/pexels-photo-38484227.jpeg?auto=compress&cs=tinysrgb&fit=crop&h=627&w=1200","콜롬보","양곤","true","true"
"corpus:46c5e08a71c86ac02b64fbf5","corpus:f8f53f71a5452b6873c19974","0","https://images.pexels.com/photos/38484227/pexels-photo-38484227.jpeg?auto=compress&cs=tinysrgb&fit=crop&h=627&w=1200","https://images.pexels.com/photos/38484227/pexels-photo-38484227.jpeg?auto=compress&cs=tinysrgb&fit=crop&h=627&w=1200","콜롬보","수라바야","true","true"
"corpus:46c5e08a71c86ac02b64fbf5","corpus:a25747b5a4dac08274c5a246","0","https://images.pexels.com/photos/38484227/pexels-photo-38484227.jpeg?auto=compress&cs=tinysrgb&fit=crop&h=627&w=1200","https://images.pexels.com/photos/38484227/pexels-photo-38484227.jpeg?auto=compress&cs=tinysrgb&fit=crop&h=627&w=1200","콜롬보","만달레이","true","true"
"corpus:238a7b2335d4a59ee23426f2","corpus:4c6ed79c9ad981d13d0f2045","0","https://images.pexels.com/photos/1002695/pexels-photo-1002695.jpeg?auto=compress&cs=tinysrgb&fit=crop&h=627&w=1200","https://images.pexels.com/photos/1002695/pexels-photo-1002695.jpeg?auto=compress&cs=tinysrgb&fit=crop&h=627&w=1200","콜롬보","바르셀로나","true","true"
"corpus:18cc16449c1e511f082390d5","corpus:f8f53f71a5452b6873c19974","0","https://images.pexels.com/photos/38484227/pexels-photo-38484227.jpeg?auto=compress&cs=tinysrgb&fit=crop&h=627&w=1200","https://images.pexels.com/photos/38484227/pexels-photo-38484227.jpeg?auto=compress&cs=tinysrgb&fit=crop&h=627&w=1200","양곤","수라바야","true","true"
"corpus:18cc16449c1e511f082390d5","corpus:a25747b5a4dac08274c5a246","0","https://images.pexels.com/photos/38484227/pexels-photo-38484227.jpeg?auto=compress&cs=tinysrgb&fit=crop&h=627&w=1200","https://images.pexels.com/photos/38484227/pexels-photo-38484227.jpeg?auto=compress&cs=tinysrgb&fit=crop&h=627&w=1200","양곤","만달레이","true","true"
"corpus:3a1137055849049c3d26d2a5","corpus:a277e302ada37a70fcb39c4e","0","https://images.pexels.com/photos/19822716/pexels-photo-19822716.jpeg?auto=compress&cs=tinysrgb&fit=crop&h=627&w=1200","https://images.pexels.com/photos/19822716/pexels-photo-19822716.jpeg?auto=compress&cs=tinysrgb&fit=crop&h=627&w=1200","양곤","하노이","true","true"
"corpus:078e7e83504eff4d0910409d","corpus:7b529b8185894d04b2ae8118","0","https://images.pexels.com/photos/38704626/pexels-photo-38704626.jpeg?auto=compress&cs=tinysrgb&fit=crop&h=627&w=1200","https://images.pexels.com/photos/38704626/pexels-photo-38704626.jpeg?auto=compress&cs=tinysrgb&fit=crop&h=627&w=1200","양곤","씨엠립","true","true"
"corpus:4e40037ceabbdbacacde996a","corpus:382adad73f1496dce86ecd79","0","https://images.pexels.com/photos/20495838/pexels-photo-20495838.jpeg?auto=compress&cs=tinysrgb&fit=crop&h=627&w=1200","https://images.pexels.com/photos/20495838/pexels-photo-20495838.jpeg?auto=compress&cs=tinysrgb&fit=crop&h=627&w=1200","씨엠립","상하이","true","true"
"corpus:e4be3f92b1347ff8c9d54a34","corpus:26ca4ba7e459e3faccd12580","0","https://images.pexels.com/photos/15375185/pexels-photo-15375185.jpeg?auto=compress&cs=tinysrgb&fit=crop&h=627&w=1200","https://images.pexels.com/photos/15375185/pexels-photo-15375185.jpeg?auto=compress&cs=tinysrgb&fit=crop&h=627&w=1200","씨엠립","호화호특","true","true"
"corpus:e4be3f92b1347ff8c9d54a34","corpus:fa7d92d72ba6cb880902e3f9","4","https://images.pexels.com/photos/15375185/pexels-photo-15375185.jpeg?auto=compress&cs=tinysrgb&fit=crop&h=627&w=1200","https://images.pexels.com/photos/6552837/pexels-photo-6552837.jpeg?auto=compress&cs=tinysrgb&dpr=2&h=650&w=940","씨엠립","보홀","false","false"
"corpus:ebdeae11b8e824011ebb318b","corpus:6b10bde548e619f48f093aa6","0","https://images.pexels.com/photos/35819164/pexels-photo-35819164.jpeg?auto=compress&cs=tinysrgb&fit=crop&h=627&w=1200","https://images.pexels.com/photos/35819164/pexels-photo-35819164.jpeg?auto=compress&cs=tinysrgb&fit=crop&h=627&w=1200","비엔나","수라바야","true","true"
"corpus:ebdeae11b8e824011ebb318b","corpus:423ef435db6e49088e848036","0","https://images.pexels.com/photos/35819164/pexels-photo-35819164.jpeg?auto=compress&cs=tinysrgb&fit=crop&h=627&w=1200","https://images.pexels.com/photos/35819164/pexels-photo-35819164.jpeg?auto=compress&cs=tinysrgb&fit=crop&h=627&w=1200","비엔나","부다페스트","true","true"
"corpus:6b10bde548e619f48f093aa6","corpus:423ef435db6e49088e848036","0","https://images.pexels.com/photos/35819164/pexels-photo-35819164.jpeg?auto=compress&cs=tinysrgb&fit=crop&h=627&w=1200","https://images.pexels.com/photos/35819164/pexels-photo-35819164.jpeg?auto=compress&cs=tinysrgb&fit=crop&h=627&w=1200","수라바야","부다페스트","true","true"
"corpus:f8f53f71a5452b6873c19974","corpus:a25747b5a4dac08274c5a246","0","https://images.pexels.com/photos/38484227/pexels-photo-38484227.jpeg?auto=compress&cs=tinysrgb&fit=crop&h=627&w=1200","https://images.pexels.com/photos/38484227/pexels-photo-38484227.jpeg?auto=compress&cs=tinysrgb&fit=crop&h=627&w=1200","수라바야","만달레이","true","true"
"corpus:7c08668761659f73940a6a0c","corpus:6069132e17e6881c49d29e0f","0","https://images.pexels.com/photos/20874460/pexels-photo-20874460.jpeg?auto=compress&cs=tinysrgb&fit=crop&h=627&w=1200","https://images.pexels.com/photos/20874460/pexels-photo-20874460.jpeg?auto=compress&cs=tinysrgb&fit=crop&h=627&w=1200","나고야","나가사키","true","true"
"corpus:ab37e5f75256a1d031bb555e","corpus:1315e3ae7ecbeef7734edb08","0","https://images.pexels.com/photos/3490667/pexels-photo-3490667.jpeg?auto=compress&cs=tinysrgb&fit=crop&h=627&w=1200","https://images.pexels.com/photos/3490667/pexels-photo-3490667.jpeg?auto=compress&cs=tinysrgb&fit=crop&h=627&w=1200","나고야","센다이","true","true"
"corpus:182bdeb19f1684b55a3ed2a3","corpus:1d13015df132a7d8138bebc1","0","https://www.yeosonam.com/og-image.png?blog=shijiazhuang-3-4-budget&slot=3","https://www.yeosonam.com/og-image.png?blog=kualalumpur-singapore-malacca-weather","석가장","쿠알라룸푸르","false","true"
"corpus:182bdeb19f1684b55a3ed2a3","corpus:5c64abbfe3f4eb874d1d4e31","0","https://www.yeosonam.com/og-image.png?blog=shijiazhuang-3-4-budget&slot=3","https://www.yeosonam.com/og-image.png?blog=bangkok-june-rainy-season-weather-preparation-2026&slot=3","석가장","방콕","false","true"
"corpus:182bdeb19f1684b55a3ed2a3","corpus:f5b1a4532fa3fc92f60591c0","0","https://www.yeosonam.com/og-image.png?blog=shijiazhuang-3-4-budget&slot=3","https://www.yeosonam.com/og-image.png?blog=%ED%98%B8%ED%99%94%ED%98%B8%ED%8A%B9-6%EC%9B%94-%EB%82%A0%EC%94%A8%EC%99%80-%EC%98%B7%EC%B0%A8%EB%A6%BC-%EC%99%84%EB%B2%BD-%EA%B0%80%EC%9D%B4%EB%93%9C&slot=3","석가장","호화호특","false","true"
"corpus:182bdeb19f1684b55a3ed2a3","corpus:c289fc5add3237ec88394f09","0","https://www.yeosonam.com/og-image.png?blog=shijiazhuang-3-4-budget&slot=3","https://www.yeosonam.com/og-image.png?blog=%EB%82%98%ED%8A%B8%EB%9E%91-%EB%8B%AC%EB%9E%8F-%ED%99%94%ED%8F%90-%ED%99%98%EC%A0%84-%ED%8C%81-%EB%AC%B8%ED%99%94-%EC%B4%9D%EC%A0%95%EB%A6%AC&slot=3","석가장","나트랑","false","true"
"corpus:182bdeb19f1684b55a3ed2a3","corpus:fdbcfca898404ec342114246","0","https://www.yeosonam.com/og-image.png?blog=shijiazhuang-3-4-budget&slot=3","https://www.yeosonam.com/og-image.png?blog=%EC%BA%90%EB%82%98%EB%8B%A4-%EB%A1%9C%ED%82%A4%EC%82%B0%EB%A7%A5-7%EC%9B%94-%EC%97%AC%ED%96%89-%EB%A0%8C%ED%84%B0%EC%B9%B4-%EC%97%86%EC%9D%B4-%EB%8C%80%EC%A4%91%EA%B5%90%ED%86%B5%EC%9C%BC%EB%A1%9C-%EA%B0%80%EB%8A%A5%ED%95%A0%EA%B9%8C&slot=3&dedupe=2","석가장","캐나다 로키산맥","false","true"
"corpus:182bdeb19f1684b55a3ed2a3","corpus:c981f8813917fbf8b3246d2b","0","https://www.yeosonam.com/og-image.png?blog=shijiazhuang-3-4-budget&slot=3","https://www.yeosonam.com/og-image.png?blog=danang-complete-guide&slot=3","석가장","다낭","false","true"
"corpus:56d206e8dfd29d030a20af37","corpus:29d9cff6b2e45ddfa6c595e0","0","https://images.pexels.com/photos/6493192/pexels-photo-6493192.jpeg?auto=compress&cs=tinysrgb&fit=crop&h=627&w=1200","https://images.pexels.com/photos/6493192/pexels-photo-6493192.jpeg?auto=compress&cs=tinysrgb&fit=crop&h=627&w=1200","나가사키","일본","true","true"
"corpus:26ca4ba7e459e3faccd12580","corpus:fa7d92d72ba6cb880902e3f9","4","https://images.pexels.com/photos/15375185/pexels-photo-15375185.jpeg?auto=compress&cs=tinysrgb&fit=crop&h=627&w=1200","https://images.pexels.com/photos/6552837/pexels-photo-6552837.jpeg?auto=compress&cs=tinysrgb&dpr=2&h=650&w=940","호화호특","보홀","false","false"
"corpus:fa7d92d72ba6cb880902e3f9","corpus:a8fc349d66be767332756abd","4","https://images.pexels.com/photos/6552837/pexels-photo-6552837.jpeg?auto=compress&cs=tinysrgb&dpr=2&h=650&w=940","https://images.pexels.com/photos/31993261/pexels-photo-31993261.jpeg?auto=compress&cs=tinysrgb&dpr=2&h=650&w=940","보홀","나트랑","false","false"
"corpus:94c51c92901bd1c073772571","corpus:144aaad373aef4e540a6de61","0","https://images.pexels.com/photos/35614298/pexels-photo-35614298.jpeg?auto=compress&cs=tinysrgb&fit=crop&h=627&w=1200","https://images.pexels.com/photos/35614298/pexels-photo-35614298.jpeg?auto=compress&cs=tinysrgb&fit=crop&h=627&w=1200","석가장","장마철","true","true"
"corpus:1d13015df132a7d8138bebc1","corpus:5c64abbfe3f4eb874d1d4e31","0","https://www.yeosonam.com/og-image.png?blog=kualalumpur-singapore-malacca-weather","https://www.yeosonam.com/og-image.png?blog=bangkok-june-rainy-season-weather-preparation-2026&slot=3","쿠알라룸푸르","방콕","false","true"
"corpus:1d13015df132a7d8138bebc1","corpus:f5b1a4532fa3fc92f60591c0","0","https://www.yeosonam.com/og-image.png?blog=kualalumpur-singapore-malacca-weather","https://www.yeosonam.com/og-image.png?blog=%ED%98%B8%ED%99%94%ED%98%B8%ED%8A%B9-6%EC%9B%94-%EB%82%A0%EC%94%A8%EC%99%80-%EC%98%B7%EC%B0%A8%EB%A6%BC-%EC%99%84%EB%B2%BD-%EA%B0%80%EC%9D%B4%EB%93%9C&slot=3","쿠알라룸푸르","호화호특","false","true"
"corpus:1d13015df132a7d8138bebc1","corpus:c289fc5add3237ec88394f09","0","https://www.yeosonam.com/og-image.png?blog=kualalumpur-singapore-malacca-weather","https://www.yeosonam.com/og-image.png?blog=%EB%82%98%ED%8A%B8%EB%9E%91-%EB%8B%AC%EB%9E%8F-%ED%99%94%ED%8F%90-%ED%99%98%EC%A0%84-%ED%8C%81-%EB%AC%B8%ED%99%94-%EC%B4%9D%EC%A0%95%EB%A6%AC&slot=3","쿠알라룸푸르","나트랑","false","true"
"corpus:1d13015df132a7d8138bebc1","corpus:fdbcfca898404ec342114246","0","https://www.yeosonam.com/og-image.png?blog=kualalumpur-singapore-malacca-weather","https://www.yeosonam.com/og-image.png?blog=%EC%BA%90%EB%82%98%EB%8B%A4-%EB%A1%9C%ED%82%A4%EC%82%B0%EB%A7%A5-7%EC%9B%94-%EC%97%AC%ED%96%89-%EB%A0%8C%ED%84%B0%EC%B9%B4-%EC%97%86%EC%9D%B4-%EB%8C%80%EC%A4%91%EA%B5%90%ED%86%B5%EC%9C%BC%EB%A1%9C-%EA%B0%80%EB%8A%A5%ED%95%A0%EA%B9%8C&slot=3&dedupe=2","쿠알라룸푸르","캐나다 로키산맥","false","true"
"corpus:1d13015df132a7d8138bebc1","corpus:c981f8813917fbf8b3246d2b","0","https://www.yeosonam.com/og-image.png?blog=kualalumpur-singapore-malacca-weather","https://www.yeosonam.com/og-image.png?blog=danang-complete-guide&slot=3","쿠알라룸푸르","다낭","false","true"
"corpus:9fc00c2eabc07516e2212884","corpus:d9bb01c6f88c4df4d0940b7d","0","https://images.pexels.com/photos/7115326/pexels-photo-7115326.jpeg?auto=compress&cs=tinysrgb&fit=crop&h=627&w=1200","https://images.pexels.com/photos/7115326/pexels-photo-7115326.jpeg?auto=compress&cs=tinysrgb&fit=crop&h=627&w=1200","시모노세키","후쿠오카","true","true"
"corpus:b8470e638db85e1999dfe1ce","corpus:30bb59e94da3743c346c20c5","0","https://images.pexels.com/photos/7454875/pexels-photo-7454875.jpeg?auto=compress&cs=tinysrgb&fit=crop&h=627&w=1200","https://images.pexels.com/photos/7454875/pexels-photo-7454875.jpeg?auto=compress&cs=tinysrgb&fit=crop&h=627&w=1200","나가사키","황산","true","true"
"corpus:5c64abbfe3f4eb874d1d4e31","corpus:f5b1a4532fa3fc92f60591c0","0","https://www.yeosonam.com/og-image.png?blog=bangkok-june-rainy-season-weather-preparation-2026&slot=3","https://www.yeosonam.com/og-image.png?blog=%ED%98%B8%ED%99%94%ED%98%B8%ED%8A%B9-6%EC%9B%94-%EB%82%A0%EC%94%A8%EC%99%80-%EC%98%B7%EC%B0%A8%EB%A6%BC-%EC%99%84%EB%B2%BD-%EA%B0%80%EC%9D%B4%EB%93%9C&slot=3","방콕","호화호특","false","true"
"corpus:5c64abbfe3f4eb874d1d4e31","corpus:c289fc5add3237ec88394f09","0","https://www.yeosonam.com/og-image.png?blog=bangkok-june-rainy-season-weather-preparation-2026&slot=3","https://www.yeosonam.com/og-image.png?blog=%EB%82%98%ED%8A%B8%EB%9E%91-%EB%8B%AC%EB%9E%8F-%ED%99%94%ED%8F%90-%ED%99%98%EC%A0%84-%ED%8C%81-%EB%AC%B8%ED%99%94-%EC%B4%9D%EC%A0%95%EB%A6%AC&slot=3","방콕","나트랑","false","true"
"corpus:5c64abbfe3f4eb874d1d4e31","corpus:fdbcfca898404ec342114246","0","https://www.yeosonam.com/og-image.png?blog=bangkok-june-rainy-season-weather-preparation-2026&slot=3","https://www.yeosonam.com/og-image.png?blog=%EC%BA%90%EB%82%98%EB%8B%A4-%EB%A1%9C%ED%82%A4%EC%82%B0%EB%A7%A5-7%EC%9B%94-%EC%97%AC%ED%96%89-%EB%A0%8C%ED%84%B0%EC%B9%B4-%EC%97%86%EC%9D%B4-%EB%8C%80%EC%A4%91%EA%B5%90%ED%86%B5%EC%9C%BC%EB%A1%9C-%EA%B0%80%EB%8A%A5%ED%95%A0%EA%B9%8C&slot=3&dedupe=2","방콕","캐나다 로키산맥","false","true"
"corpus:5c64abbfe3f4eb874d1d4e31","corpus:c981f8813917fbf8b3246d2b","0","https://www.yeosonam.com/og-image.png?blog=bangkok-june-rainy-season-weather-preparation-2026&slot=3","https://www.yeosonam.com/og-image.png?blog=danang-complete-guide&slot=3","방콕","다낭","false","true"
"corpus:a5e9b9e3a36f1ad6efda38af","corpus:19cec71c08020ffa63b5b66f","0","https://images.pexels.com/photos/33268308/pexels-photo-33268308.jpeg?auto=compress&cs=tinysrgb&fit=crop&h=627&w=1200","https://images.pexels.com/photos/33268308/pexels-photo-33268308.jpeg?auto=compress&cs=tinysrgb&fit=crop&h=627&w=1200","장마철","계림","true","true"
"corpus:a5e9b9e3a36f1ad6efda38af","corpus:5dd3a031cd0857ee1307375b","0","https://images.pexels.com/photos/33268308/pexels-photo-33268308.jpeg?auto=compress&cs=tinysrgb&fit=crop&h=627&w=1200","https://images.pexels.com/photos/33268308/pexels-photo-33268308.jpeg?auto=compress&cs=tinysrgb&fit=crop&h=627&w=1200","장마철","유럽","true","true"
"corpus:a5e9b9e3a36f1ad6efda38af","corpus:2e4825711240f641cce33a05","0","https://images.pexels.com/photos/33268308/pexels-photo-33268308.jpeg?auto=compress&cs=tinysrgb&fit=crop&h=627&w=1200","https://images.pexels.com/photos/33268308/pexels-photo-33268308.jpeg?auto=compress&cs=tinysrgb&fit=crop&h=627&w=1200","장마철","호화호특","true","true"
"corpus:19cec71c08020ffa63b5b66f","corpus:5dd3a031cd0857ee1307375b","0","https://images.pexels.com/photos/33268308/pexels-photo-33268308.jpeg?auto=compress&cs=tinysrgb&fit=crop&h=627&w=1200","https://images.pexels.com/photos/33268308/pexels-photo-33268308.jpeg?auto=compress&cs=tinysrgb&fit=crop&h=627&w=1200","계림","유럽","true","true"
"corpus:19cec71c08020ffa63b5b66f","corpus:2e4825711240f641cce33a05","0","https://images.pexels.com/photos/33268308/pexels-photo-33268308.jpeg?auto=compress&cs=tinysrgb&fit=crop&h=627&w=1200","https://images.pexels.com/photos/33268308/pexels-photo-33268308.jpeg?auto=compress&cs=tinysrgb&fit=crop&h=627&w=1200","계림","호화호특","true","true"
"corpus:8a30db27cd67499e1a298bb2","corpus:bb8177f1831ef4e45877b79d","0","https://images.pexels.com/photos/29291616/pexels-photo-29291616.jpeg?auto=compress&cs=tinysrgb&dpr=2&h=650&w=940","https://images.pexels.com/photos/29291616/pexels-photo-29291616.jpeg?auto=compress&cs=tinysrgb&dpr=2&h=650&w=940","유럽","석가장","true","true"
"corpus:5dd3a031cd0857ee1307375b","corpus:2e4825711240f641cce33a05","0","https://images.pexels.com/photos/33268308/pexels-photo-33268308.jpeg?auto=compress&cs=tinysrgb&fit=crop&h=627&w=1200","https://images.pexels.com/photos/33268308/pexels-photo-33268308.jpeg?auto=compress&cs=tinysrgb&fit=crop&h=627&w=1200","유럽","호화호특","true","true"
"corpus:f5b1a4532fa3fc92f60591c0","corpus:c289fc5add3237ec88394f09","0","https://www.yeosonam.com/og-image.png?blog=%ED%98%B8%ED%99%94%ED%98%B8%ED%8A%B9-6%EC%9B%94-%EB%82%A0%EC%94%A8%EC%99%80-%EC%98%B7%EC%B0%A8%EB%A6%BC-%EC%99%84%EB%B2%BD-%EA%B0%80%EC%9D%B4%EB%93%9C&slot=3","https://www.yeosonam.com/og-image.png?blog=%EB%82%98%ED%8A%B8%EB%9E%91-%EB%8B%AC%EB%9E%8F-%ED%99%94%ED%8F%90-%ED%99%98%EC%A0%84-%ED%8C%81-%EB%AC%B8%ED%99%94-%EC%B4%9D%EC%A0%95%EB%A6%AC&slot=3","호화호특","나트랑","false","true"
"corpus:f5b1a4532fa3fc92f60591c0","corpus:fdbcfca898404ec342114246","0","https://www.yeosonam.com/og-image.png?blog=%ED%98%B8%ED%99%94%ED%98%B8%ED%8A%B9-6%EC%9B%94-%EB%82%A0%EC%94%A8%EC%99%80-%EC%98%B7%EC%B0%A8%EB%A6%BC-%EC%99%84%EB%B2%BD-%EA%B0%80%EC%9D%B4%EB%93%9C&slot=3","https://www.yeosonam.com/og-image.png?blog=%EC%BA%90%EB%82%98%EB%8B%A4-%EB%A1%9C%ED%82%A4%EC%82%B0%EB%A7%A5-7%EC%9B%94-%EC%97%AC%ED%96%89-%EB%A0%8C%ED%84%B0%EC%B9%B4-%EC%97%86%EC%9D%B4-%EB%8C%80%EC%A4%91%EA%B5%90%ED%86%B5%EC%9C%BC%EB%A1%9C-%EA%B0%80%EB%8A%A5%ED%95%A0%EA%B9%8C&slot=3&dedupe=2","호화호특","캐나다 로키산맥","false","true"
"corpus:f5b1a4532fa3fc92f60591c0","corpus:c981f8813917fbf8b3246d2b","0","https://www.yeosonam.com/og-image.png?blog=%ED%98%B8%ED%99%94%ED%98%B8%ED%8A%B9-6%EC%9B%94-%EB%82%A0%EC%94%A8%EC%99%80-%EC%98%B7%EC%B0%A8%EB%A6%BC-%EC%99%84%EB%B2%BD-%EA%B0%80%EC%9D%B4%EB%93%9C&slot=3","https://www.yeosonam.com/og-image.png?blog=danang-complete-guide&slot=3","호화호특","다낭","false","true"
"corpus:c289fc5add3237ec88394f09","corpus:fdbcfca898404ec342114246","0","https://www.yeosonam.com/og-image.png?blog=%EB%82%98%ED%8A%B8%EB%9E%91-%EB%8B%AC%EB%9E%8F-%ED%99%94%ED%8F%90-%ED%99%98%EC%A0%84-%ED%8C%81-%EB%AC%B8%ED%99%94-%EC%B4%9D%EC%A0%95%EB%A6%AC&slot=3","https://www.yeosonam.com/og-image.png?blog=%EC%BA%90%EB%82%98%EB%8B%A4-%EB%A1%9C%ED%82%A4%EC%82%B0%EB%A7%A5-7%EC%9B%94-%EC%97%AC%ED%96%89-%EB%A0%8C%ED%84%B0%EC%B9%B4-%EC%97%86%EC%9D%B4-%EB%8C%80%EC%A4%91%EA%B5%90%ED%86%B5%EC%9C%BC%EB%A1%9C-%EA%B0%80%EB%8A%A5%ED%95%A0%EA%B9%8C&slot=3&dedupe=2","나트랑","캐나다 로키산맥","false","true"
"corpus:c289fc5add3237ec88394f09","corpus:c981f8813917fbf8b3246d2b","0","https://www.yeosonam.com/og-image.png?blog=%EB%82%98%ED%8A%B8%EB%9E%91-%EB%8B%AC%EB%9E%8F-%ED%99%94%ED%8F%90-%ED%99%98%EC%A0%84-%ED%8C%81-%EB%AC%B8%ED%99%94-%EC%B4%9D%EC%A0%95%EB%A6%AC&slot=3","https://www.yeosonam.com/og-image.png?blog=danang-complete-guide&slot=3","나트랑","다낭","false","true"
"corpus:fdbcfca898404ec342114246","corpus:c981f8813917fbf8b3246d2b","0","https://www.yeosonam.com/og-image.png?blog=%EC%BA%90%EB%82%98%EB%8B%A4-%EB%A1%9C%ED%82%A4%EC%82%B0%EB%A7%A5-7%EC%9B%94-%EC%97%AC%ED%96%89-%EB%A0%8C%ED%84%B0%EC%B9%B4-%EC%97%86%EC%9D%B4-%EB%8C%80%EC%A4%91%EA%B5%90%ED%86%B5%EC%9C%BC%EB%A1%9C-%EA%B0%80%EB%8A%A5%ED%95%A0%EA%B9%8C&slot=3&dedupe=2","https://www.yeosonam.com/og-image.png?blog=danang-complete-guide&slot=3","캐나다 로키산맥","다낭","false","true"
