"creative_id","slug","title","current_status","public_eligible","review_status","risk_level","action","canonical_target","duplicate_cluster_id","stale_claim_count","unsupported_claim_count","language_issue_count","image_duplicate_count","performance_signal","reason","recommended_next_step"
"5170dbb9-68da-4838-b830-bc78609ba2dc","fukuoka-3","후쿠오카 3일 패키지 여행 준비 체크리스트와 비교 기준 2026","published","true","null","LOW","REFRESH","","","0","4","0","0","clicks=0;impressions=0","unsupported_numbers","editorial_refresh_with_claim_and_image_evidence"
"2ba7f96d-9174-41e3-87a4-b95b5bb60a2b","buenosaires-weather-packing","부에노스아이레스 월별 날씨 옷차림 여행 준비물 체크리스트","published","false","null","MEDIUM","MERGE","sendai-7-weather-preparation","dup-f1f36c2b2efa9974","0","0","0","3","clicks=0;impressions=0","template_skeleton_cluster","merge_into:sendai-7-weather-preparation"
"5af70cd2-ef81-411a-854c-bd67afcafa7f","abudhabi-weather-packing","아부다비 월별 날씨 옷차림 여행 준비물 체크리스트","published","false","null","MEDIUM","MERGE","sendai-7-weather-preparation","dup-f1f36c2b2efa9974","0","0","0","1","clicks=0;impressions=0","template_skeleton_cluster","merge_into:sendai-7-weather-preparation"
"9fd5fe1f-53d3-41a8-9957-e71f5de482e4","santiago-weather-packing","산티아고 월별 날씨 옷차림 여행 준비물 체크리스트","published","false","null","MEDIUM","MERGE","sendai-7-weather-preparation","dup-f1f36c2b2efa9974","0","0","0","3","clicks=0;impressions=0","template_skeleton_cluster","merge_into:sendai-7-weather-preparation"
"4acdb523-0f7b-47dc-b6bd-bc26aead48db","nice-weather-packing","니스 월별 날씨 옷차림 여행 준비물 체크리스트","published","false","null","MEDIUM","MERGE","sendai-7-weather-preparation","dup-f1f36c2b2efa9974","0","0","0","3","clicks=0;impressions=0","template_skeleton_cluster","merge_into:sendai-7-weather-preparation"
"209fb464-54e2-4dc4-9799-33b12d13337b","johorbahru-weather-packing","조호르바루 월별 날씨 옷차림 여행 준비물 체크리스트","published","false","null","MEDIUM","MERGE","sendai-7-weather-preparation","dup-f1f36c2b2efa9974","0","0","0","2","clicks=0;impressions=0","template_skeleton_cluster","merge_into:sendai-7-weather-preparation"
"72a15826-751d-4781-a07c-4d454440ce93","riodejaneiro-weather-packing","리우데자네이루 월별 날씨 옷차림 여행 준비물 체크리스트","published","false","null","MEDIUM","MERGE","sendai-7-weather-preparation","dup-f1f36c2b2efa9974","0","0","0","3","clicks=0;impressions=0","template_skeleton_cluster","merge_into:sendai-7-weather-preparation"
"a7e9f1af-6afd-4831-a21f-9228621b2040","goldcoast-weather-packing","골드코스트 월별 날씨 옷차림 여행 준비물 체크리스트","published","false","null","MEDIUM","MERGE","sendai-7-weather-preparation","dup-f1f36c2b2efa9974","0","0","0","2","clicks=0;impressions=0","template_skeleton_cluster","merge_into:sendai-7-weather-preparation"
"37477bbc-b670-4aa2-adbb-a039364dc4b3","cancun-8-weather-preparation","칸쿤 월별 날씨 옷차림 여행 준비물 체크리스트","published","false","null","MEDIUM","MERGE","sendai-7-weather-preparation","dup-f1f36c2b2efa9974","0","0","0","0","clicks=0;impressions=0","template_skeleton_cluster","merge_into:sendai-7-weather-preparation"
"19fc0de1-5be8-486d-8cb0-2c462e2fde62","saopaulo-8-weather-preparation","상파울루 월별 날씨 옷차림 여행 준비물 체크리스트","published","false","null","MEDIUM","MERGE","sendai-7-weather-preparation","dup-f1f36c2b2efa9974","0","0","0","2","clicks=0;impressions=0","template_skeleton_cluster","merge_into:sendai-7-weather-preparation"
"ffb16311-b83f-47b1-a601-bf21c2b90f03","perth-weather-packing","퍼스 월별 날씨 옷차림 여행 준비물 체크리스트","published","false","null","MEDIUM","MERGE","sendai-7-weather-preparation","dup-f1f36c2b2efa9974","0","0","0","3","clicks=0;impressions=0","template_skeleton_cluster","merge_into:sendai-7-weather-preparation"
"2fdb97d6-dea8-40e8-8fcd-222508d454dc","cairns-weather-packing","케언스 월별 날씨 옷차림 여행 준비물 체크리스트","published","false","null","MEDIUM","MERGE","sendai-7-weather-preparation","dup-f1f36c2b2efa9974","0","0","0","2","clicks=0;impressions=0","template_skeleton_cluster","merge_into:sendai-7-weather-preparation"
"8ae7a9d1-72df-4fb1-bc26-7260f073ba8e","lyon-weather-packing","리옹 월별 날씨 옷차림 여행 준비물 체크리스트","published","false","null","MEDIUM","MERGE","sendai-7-weather-preparation","dup-f1f36c2b2efa9974","0","0","0","0","clicks=0;impressions=0","template_skeleton_cluster","merge_into:sendai-7-weather-preparation"
"86866e6f-f765-432f-bc18-3afb78d43f12","oslo-weather-packing","오슬로 월별 날씨 옷차림 여행 준비물 체크리스트","published","false","null","MEDIUM","MERGE","sendai-7-weather-preparation","dup-f1f36c2b2efa9974","0","0","0","2","clicks=0;impressions=0","template_skeleton_cluster","merge_into:sendai-7-weather-preparation"
"611481b0-f07a-4175-bf76-5c737f8784cb","edinburgh-weather-packing","에든버러 월별 날씨 옷차림 여행 준비물 체크리스트","published","false","null","MEDIUM","MERGE","sendai-7-weather-preparation","dup-f1f36c2b2efa9974","0","0","0","1","clicks=0;impressions=0","template_skeleton_cluster","merge_into:sendai-7-weather-preparation"
"e4253ea4-9312-4631-973e-bee1c581f38c","kotakinabalu-3n5d-value-3005d2db-20260812-5d","코타키나발루 5일 패키지 여행 준비 체크리스트와 비교 기준 2026","published","true","null","LOW","REFRESH","","","0","4","0","0","clicks=0;impressions=0","unsupported_numbers","editorial_refresh_with_claim_and_image_evidence"
"6e19db8d-a6df-456e-8fdc-b3fde4375fd2","athens-weather-packing","아테네 월별 날씨 옷차림 여행 준비물 체크리스트","published","false","null","MEDIUM","MERGE","sendai-7-weather-preparation","dup-f1f36c2b2efa9974","0","0","0","1","clicks=0;impressions=0","template_skeleton_cluster","merge_into:sendai-7-weather-preparation"
"a95dd0f9-3b41-4f8a-9dd4-ec1d2d308825","vientiane-weather-packing","비엔티안 월별 날씨 옷차림 여행 준비물 체크리스트","published","false","null","MEDIUM","MERGE","sendai-7-weather-preparation","dup-f1f36c2b2efa9974","0","0","0","0","clicks=0;impressions=0","template_skeleton_cluster","merge_into:sendai-7-weather-preparation"
"01f260d6-c60e-4319-9fef-229ad27b6f7e","colombo-weather-packing","콜롬보 월별 날씨 옷차림 여행 준비물 체크리스트","published","false","null","MEDIUM","MERGE","sendai-7-weather-preparation","dup-f1f36c2b2efa9974","0","0","0","3","clicks=0;impressions=0","template_skeleton_cluster","merge_into:sendai-7-weather-preparation"
"646dce08-9a97-4c24-be94-edaa5c49a298","stockholm-weather-packing","스톡홀름 월별 날씨 옷차림 여행 준비물 체크리스트","published","false","null","MEDIUM","MERGE","sendai-7-weather-preparation","dup-f1f36c2b2efa9974","0","0","0","1","clicks=0;impressions=0","template_skeleton_cluster","merge_into:sendai-7-weather-preparation"
"64a81962-108c-47d6-a7b7-6fb6379a7289","yangon-weather-packing","양곤 월별 날씨 옷차림 여행 준비물 체크리스트","published","false","null","MEDIUM","MERGE","sendai-7-weather-preparation","dup-f1f36c2b2efa9974","0","0","0","3","clicks=0;impressions=0","template_skeleton_cluster","merge_into:sendai-7-weather-preparation"
"2c468cb0-450e-43e6-9734-1057c77f0e56","siemreap-weather-packing","씨엠립 월별 날씨 옷차림 여행 준비물 체크리스트","published","false","null","MEDIUM","MERGE","sendai-7-weather-preparation","dup-f1f36c2b2efa9974","0","0","0","3","clicks=0;impressions=0","template_skeleton_cluster","merge_into:sendai-7-weather-preparation"
"16af76c1-5f62-4046-8430-2832ba3b6caf","vienna-weather-packing","비엔나 월별 날씨 옷차림 여행 준비물 체크리스트","published","false","null","MEDIUM","MERGE","sendai-7-weather-preparation","dup-f1f36c2b2efa9974","0","0","0","1","clicks=0;impressions=0","template_skeleton_cluster","merge_into:sendai-7-weather-preparation"
"6579aa40-44b2-4c46-abcf-71e225043116","surabaya-weather-packing","수라바야 월별 날씨 옷차림 여행 준비물 체크리스트","published","false","null","MEDIUM","MERGE","sendai-7-weather-preparation","dup-f1f36c2b2efa9974","0","0","0","2","clicks=0;impressions=0","template_skeleton_cluster","merge_into:sendai-7-weather-preparation"
"59e20ba5-9cba-4f9a-a279-3e8461c16498","cairo-weather-packing","카이로 월별 날씨 옷차림 여행 준비물 체크리스트","published","false","null","MEDIUM","MERGE","sendai-7-weather-preparation","dup-f1f36c2b2efa9974","0","0","0","0","clicks=0;impressions=0","template_skeleton_cluster","merge_into:sendai-7-weather-preparation"
"dca8b564-a1d3-4ac5-9013-23abf123eeba","melbourne-weather-packing","멜버른 월별 날씨 옷차림 여행 준비물 체크리스트","published","false","null","MEDIUM","MERGE","sendai-7-weather-preparation","dup-f1f36c2b2efa9974","0","0","0","0","clicks=0;impressions=0","template_skeleton_cluster","merge_into:sendai-7-weather-preparation"
"754fd42d-5147-4619-8bd2-a221bbe24d28","weather-checklist-august","만달레이 월별 날씨 옷차림 여행 준비물 체크리스트","published","false","null","MEDIUM","MERGE","sendai-7-weather-preparation","dup-f1f36c2b2efa9974","0","0","0","2","clicks=0;impressions=0","template_skeleton_cluster","merge_into:sendai-7-weather-preparation"
"d4a37766-6df1-4edd-a16e-140a13a3733c","budapest-weather-packing","부다페스트 월별 날씨 옷차림 여행 준비물 체크리스트","published","false","null","MEDIUM","MERGE","sendai-7-weather-preparation","dup-f1f36c2b2efa9974","0","0","0","1","clicks=0;impressions=0","template_skeleton_cluster","merge_into:sendai-7-weather-preparation"
"7c404cc0-d18e-4252-8a58-b5911e80c91e","nagoya-weather-packing","나고야 월별 날씨 옷차림 여행 준비물 체크리스트","published","false","null","MEDIUM","MERGE","sendai-7-weather-preparation","dup-f1f36c2b2efa9974","0","0","0","2","clicks=0;impressions=0","template_skeleton_cluster","merge_into:sendai-7-weather-preparation"
"8f64580e-78e6-4e64-9a18-0f7c0056947b","beijing-weather-packing","베이징 월별 날씨 옷차림 여행 준비물 체크리스트","published","false","null","MEDIUM","MERGE","sendai-7-weather-preparation","dup-f1f36c2b2efa9974","0","0","0","0","clicks=0;impressions=0","template_skeleton_cluster","merge_into:sendai-7-weather-preparation"
"89476a68-e69c-46f1-8c97-44d4f6d22abc","istanbul-weather-packing","이스탄불 월별 날씨 옷차림 여행 준비물 체크리스트","published","false","null","MEDIUM","MERGE","sendai-7-weather-preparation","dup-f1f36c2b2efa9974","0","0","0","0","clicks=0;impressions=0","template_skeleton_cluster","merge_into:sendai-7-weather-preparation"
"a73b8a4b-039d-46f0-9229-c769f625bacd","dubai-july-weather-preparation","두바이 월별 날씨 옷차림 여행 준비물 체크리스트","published","false","null","MEDIUM","MERGE","sendai-7-weather-preparation","dup-f1f36c2b2efa9974","0","0","0","0","clicks=0;impressions=0","template_skeleton_cluster","merge_into:sendai-7-weather-preparation"
"a3f43b0f-7b5b-42fa-8d2c-1050b1f96640","shanghai-weather-packing","상하이 월별 날씨 옷차림 여행 준비물 체크리스트","published","false","null","MEDIUM","MERGE","sendai-7-weather-preparation","dup-f1f36c2b2efa9974","0","0","0","1","clicks=0;impressions=0","template_skeleton_cluster","merge_into:sendai-7-weather-preparation"
"242fe7a6-45e3-421a-be51-9c11c237babc","sendai-7-weather-preparation","센다이 월별 날씨 옷차림 여행 준비물 체크리스트","published","false","null","MEDIUM","REFRESH","","dup-f1f36c2b2efa9974","0","0","0","1","clicks=0;impressions=0","image_quality","editorial_refresh_with_claim_and_image_evidence"
"41f589aa-f056-4a2c-9a32-4b9c4bdbe01e","busan-weather-packing","부산 7월 날씨 옷차림 여행 준비물 체크리스트","published","false","null","MEDIUM","MERGE","세부-6월-날씨와-옷차림-완벽-가이드","dup-a93503bfa05c440c","0","0","0","0","clicks=0;impressions=0","template_skeleton_cluster","merge_into:세부-6월-날씨와-옷차림-완벽-가이드"
"29be96a9-0cce-46d1-9980-a3239946aaf3","jeju-weather-packing","제주 7월 날씨 옷차림 여행 준비물 체크리스트","published","false","null","MEDIUM","MERGE","세부-6월-날씨와-옷차림-완벽-가이드","dup-a93503bfa05c440c","0","0","0","1","clicks=0;impressions=0","template_skeleton_cluster","merge_into:세부-6월-날씨와-옷차림-완벽-가이드"
"3c0d7dd4-8480-46bc-93bb-0a64fd41fbe6","barcelona-weather-packing","바르셀로나 7월 날씨 옷차림 여행 준비물 체크리스트","published","false","null","MEDIUM","MERGE","세부-6월-날씨와-옷차림-완벽-가이드","dup-a93503bfa05c440c","0","0","0","1","clicks=0;impressions=0","template_skeleton_cluster","merge_into:세부-6월-날씨와-옷차림-완벽-가이드"
"4188a201-5f07-40c9-8c76-b7ef1fc374ca","sydney-weather-packing","시드니 7월 날씨 옷차림 여행 준비물 체크리스트","published","false","null","MEDIUM","MERGE","세부-6월-날씨와-옷차림-완벽-가이드","dup-a93503bfa05c440c","0","0","0","0","clicks=0;impressions=0","template_skeleton_cluster","merge_into:세부-6월-날씨와-옷차림-완벽-가이드"
"abe3dc37-1c31-4043-8a5f-0c4629bd633d","prague-weather-packing","프라하 7월 날씨 옷차림 여행 준비물 체크리스트","published","false","null","MEDIUM","MERGE","세부-6월-날씨와-옷차림-완벽-가이드","dup-a93503bfa05c440c","0","0","0","0","clicks=0;impressions=0","template_skeleton_cluster","merge_into:세부-6월-날씨와-옷차림-완벽-가이드"
"8cdcf9e1-24b6-4baf-8952-5fa4b342a556","london-weather-packing","런던 7월 날씨 여행 가이드 2026 | 날씨와 옷차림 체크","published","false","null","MEDIUM","MERGE","guam-weather-packing","dup-0702d5e095b99e0c","0","0","0","0","clicks=0;impressions=0","template_skeleton_cluster","merge_into:guam-weather-packing"
"e50585e1-11cd-4edf-a353-606dfe1abaac","kualalumpur-weather-packing","쿠알라룸푸르 7월 날씨 옷차림 여행 준비물 체크리스트","published","false","null","MEDIUM","MERGE","세부-6월-날씨와-옷차림-완벽-가이드","dup-a93503bfa05c440c","0","0","0","0","clicks=0;impressions=0","template_skeleton_cluster","merge_into:세부-6월-날씨와-옷차림-완벽-가이드"
"1f4f3e92-cbe9-4872-b725-e0b831f7b077","hcmc-weather-packing","호치민 7월 날씨 여행 가이드 2026 | 날씨와 옷차림 체크","published","false","null","MEDIUM","MERGE","guam-weather-packing","dup-0702d5e095b99e0c","0","0","0","0","clicks=0;impressions=0","template_skeleton_cluster","merge_into:guam-weather-packing"
"816fe246-6820-4c95-a70d-fade7c4fdb45","kotakinabalu-weather-packing","코타키나발루 7월 날씨 옷차림 여행 준비물 체크리스트","published","false","null","MEDIUM","MERGE","세부-6월-날씨와-옷차림-완벽-가이드","dup-a93503bfa05c440c","0","0","0","0","clicks=0;impressions=0","template_skeleton_cluster","merge_into:세부-6월-날씨와-옷차림-완벽-가이드"
"fef28785-f913-4f7b-8e60-283c9bb7b499","hanoi-weather-packing","하노이 7월 날씨 여행 가이드 2026 | 날씨와 옷차림 체크","published","false","null","MEDIUM","MERGE","guam-weather-packing","dup-0702d5e095b99e0c","0","0","0","2","clicks=0;impressions=0","template_skeleton_cluster","merge_into:guam-weather-packing"
"21ae7b38-83f1-4761-a02e-59fd7a190be6","seoul-weather-packing","서울 7월 날씨 여행 가이드 2026 | 날씨와 옷차림 체크","published","false","null","MEDIUM","MERGE","guam-weather-packing","dup-0702d5e095b99e0c","0","0","0","1","clicks=0;impressions=0","template_skeleton_cluster","merge_into:guam-weather-packing"
"438992e2-b11a-439f-af9f-00da7d6ee00d","osaka-weather-packing","오사카 7월 날씨 여행 가이드 2026 | 날씨와 옷차림 체크","published","false","null","MEDIUM","MERGE","guam-weather-packing","dup-0702d5e095b99e0c","0","0","0","0","clicks=0;impressions=0","template_skeleton_cluster","merge_into:guam-weather-packing"
"0fd98d4a-a473-4a99-9a0f-c26a8849952f","paris-weather-packing","파리 7월 날씨 여행 가이드 2026 | 날씨와 옷차림 체크","published","false","null","MEDIUM","MERGE","guam-weather-packing","dup-0702d5e095b99e0c","0","0","0","0","clicks=0;impressions=0","template_skeleton_cluster","merge_into:guam-weather-packing"
"d98f157d-f6c6-4535-acfb-4c4aca7d04c5","sapporo-weather-packing","삿포로 7월 날씨 여행 가이드 2026 | 날씨와 옷차림 체크","published","false","null","MEDIUM","MERGE","guam-weather-packing","dup-0702d5e095b99e0c","0","0","0","0","clicks=0;impressions=0","template_skeleton_cluster","merge_into:guam-weather-packing"
"58bdd8d3-6c02-4bb3-a4e0-9945e92de391","tokyo-weather-packing","도쿄 7월 날씨 여행 가이드 2026 | 날씨와 옷차림 체크","published","false","null","MEDIUM","MERGE","guam-weather-packing","dup-0702d5e095b99e0c","0","0","0","0","clicks=0;impressions=0","template_skeleton_cluster","merge_into:guam-weather-packing"
"5fc05df5-ef54-46fa-8ded-87fd93c297b6","fukuoka-weather-packing","후쿠오카 7월 날씨 여행 가이드 2026 | 날씨와 옷차림 체크","published","false","null","MEDIUM","MERGE","guam-weather-packing","dup-0702d5e095b99e0c","0","0","0","0","clicks=0;impressions=0","template_skeleton_cluster","merge_into:guam-weather-packing"
"74a89067-b199-4a3f-bdac-3ce8928ec281","okinawa-weather-packing","오키나와 7월 날씨 여행 가이드 2026 | 날씨와 옷차림 체크","published","false","null","MEDIUM","MERGE","guam-weather-packing","dup-0702d5e095b99e0c","0","0","0","0","clicks=0;impressions=0","template_skeleton_cluster","merge_into:guam-weather-packing"
"fe73a1cd-3033-452c-ac2e-7723c30e6d8b","guam-weather-packing","괌 7월 날씨 여행 가이드 2026 | 날씨와 옷차림 체크","published","false","null","MEDIUM","REFRESH","","dup-0702d5e095b99e0c","0","0","0","0","clicks=0;impressions=0","image_quality","editorial_refresh_with_claim_and_image_evidence"
"604e1622-befd-4cff-981a-7b76a3e3c412","phuquoc-kid-friendly","푸꾸옥 아이와 가족여행 여행 준비 체크리스트와 비교 기준 2026","published","true","none","LOW","REFRESH","","","0","20","0","0","clicks=0;impressions=0","unsupported_numbers","editorial_refresh_with_claim_and_image_evidence"
"c4e276d8-d900-4912-a520-3fa29d0aec1a","bangkok-hotel-area","방콕 숙소 위치별 예산 여행 준비 체크리스트와 비교 기준 2026","published","true","none","LOW","REFRESH","","","0","17","0","0","clicks=0;impressions=0","unsupported_numbers","editorial_refresh_with_claim_and_image_evidence"
"e25cdc40-6ea4-4ff0-af46-2032280f1702","guangzhou-busan-guangzhou-3-5","광저우 여행 가이드 2026 | 일정과 이동 동선 체크","archived","false","none","LOW","MERGE","kuala-lumpur-singapore-malacca-complete-guide","dup-51cc2ab7dbe96d9b","0","3","0","2","clicks=0;impressions=0","template_skeleton_cluster","merge_into:kuala-lumpur-singapore-malacca-complete-guide"
"60d7e189-480c-4b23-9c67-5bedc8f22593","guangzhou-busan-guangzhou-4-6","부산/김해출발 광저우/천저우 4박6일 가성비 패키지 137만원~ (2026)","archived","false","none","LOW","REFRESH","","","0","3","0","2","clicks=0;impressions=0","unsupported_numbers","editorial_refresh_with_claim_and_image_evidence"
"b5c2c324-0fb6-498c-89a0-b9927a50dfa6","phuquoc-lj-phuquoc-3-5","부산/김해출발 푸꾸옥 3박5일 가성비 패키지 80만원~ (2026)","archived","false","none","LOW","MERGE","shizuoka-shizuoka-2-3-bx1645","dup-2d1974d77bff30fa","0","3","0","0","clicks=0;impressions=0","template_skeleton_cluster","merge_into:shizuoka-shizuoka-2-3-bx1645"
"be58d752-b3aa-49fb-9dd9-41faea586f65","guangzhou-4-6-2","부산/김해출발 광저우 4박6일 가성비 패키지 75만원~ (2026)","archived","false","none","LOW","MERGE","shizuoka-shizuoka-2-3-bx1645","dup-2d1974d77bff30fa","0","4","0","0","clicks=0;impressions=0","template_skeleton_cluster","merge_into:shizuoka-shizuoka-2-3-bx1645"
"f4ef97d3-1512-48b9-828a-d300f3196ec2","mongolia-weather-packing","몽골 날씨와 옷차림 여행 가이드 2026 | 날씨와 옷차림 체크","published","true","none","MEDIUM","REFRESH","","","0","5","0","0","clicks=0;impressions=0","unsupported_numbers","editorial_refresh_with_claim_and_image_evidence"
"9ea7ac4d-d64a-4c76-b5db-2474c3ea0982","cebu-shopping-budget","세부 여행 가이드 2026 | 예산과 실제 비용 체크","published","true","none","LOW","MERGE","cebu-food-budget","dup-f8350b173f4428cd","0","22","0","0","clicks=0;impressions=0","exact_title_duplicate","merge_into:cebu-food-budget"
"b10d2491-5129-4806-aea0-22f28304cfca","bali-weather-packing","발리 날씨와 옷차림 여행 가이드 2026 | 날씨와 옷차림 체크","published","true","none","MEDIUM","REFRESH","","","0","3","0","0","clicks=0;impressions=0","unsupported_numbers","editorial_refresh_with_claim_and_image_evidence"
"367e5fb0-8707-45d0-8edd-b552060fb42c","nhatrang-lj-nhatrang-1-nhatrang3-3-5-itinerary","부산/김해출발 나트랑 3박5일 가성비 패키지 58만원~ (2026)","archived","false","none","LOW","MERGE","shizuoka-shizuoka-2-3-bx1645","dup-2d1974d77bff30fa","0","3","0","0","clicks=0;impressions=0","template_skeleton_cluster","merge_into:shizuoka-shizuoka-2-3-bx1645"
"e7ed2717-c2e7-414c-a19f-8667d750d565","qingdao-bx-qingdao-2-3","부산/김해출발 노팁/노옵션 특급호텔 청도+맥주박물관 2박3일 가성비 패키지 55만원~ (2026)","archived","false","none","LOW","REFRESH","","","0","3","0","2","clicks=0;impressions=0","unsupported_numbers","editorial_refresh_with_claim_and_image_evidence"
"7a529317-a244-453b-a7a7-982dbc204de8","clark-weather","클락 월별 날씨와 옷차림 여행 준비 체크리스트와 비교 기준 2026","published","true","null","MEDIUM","MERGE","xian-weather-clothes-checklist-2026","dup-2d0f6e83d61ee566","0","0","0","0","clicks=0;impressions=0","template_skeleton_cluster","merge_into:xian-weather-clothes-checklist-2026"
"6b76b7f4-2946-40f7-a374-306f4d829633","yanji-yanji-baekdusan-3-4","부산/김해출발 연길 3박4일 가성비 패키지 63만원~ (2026)","archived","false","none","LOW","MERGE","shizuoka-shizuoka-2-3-bx1645","dup-2d1974d77bff30fa","0","3","0","2","clicks=0;impressions=0","template_skeleton_cluster","merge_into:shizuoka-shizuoka-2-3-bx1645"
"11c3708e-c3b2-4fb3-ae34-67c21081d4aa","qingdao-2-bx-qingdao-2-2-3","부산/김해출발 청도 2색골프 2박3일 가성비 패키지 47만원~ (2026)","archived","false","none","LOW","REFRESH","","","0","3","0","2","clicks=0;impressions=0","unsupported_numbers","editorial_refresh_with_claim_and_image_evidence"
"c76cca33-f520-4801-8369-756ef48d2e34","guangzhou-4n6d-value-d09764f0-20260909-6d-pus-etc-can","부산/김해출발 광저우 4박6일 가성비 패키지 137만원~ (2026)","archived","false","none","LOW","MERGE","shizuoka-shizuoka-2-3-bx1645","dup-2d1974d77bff30fa","0","3","0","0","clicks=0;impressions=0","template_skeleton_cluster","merge_into:shizuoka-shizuoka-2-3-bx1645"
"4a766220-0b85-44d3-85d9-cfb255a55500","cebu-kid-friendly","세부 아이와 가족여행 일정 · 코스, 2026 기준","published","true","none","LOW","REFRESH","","","0","27","0","0","clicks=0;impressions=0","unsupported_numbers","editorial_refresh_with_claim_and_image_evidence"
"fa242887-32a0-4b62-80da-cf66cee23a64","cebu-first-day-plan","세부 여행 가이드 2026 | 일정과 이동 동선 체크","published","true","none","LOW","MERGE","kuala-lumpur-singapore-malacca-complete-guide","dup-51cc2ab7dbe96d9b","0","16","0","0","clicks=0;impressions=0","template_skeleton_cluster","merge_into:kuala-lumpur-singapore-malacca-complete-guide"
"06547bc2-db09-42a5-96a3-3737389f78ef","bali-food-budget","발리 여행 가이드 2026 | 예산과 실제 비용 체크","published","true","none","LOW","MERGE","괌-가족여행-아이와-함께-즐길-수-있는-액티비티-추천-best-5","dup-f8350b173f4428cd","0","28","0","0","clicks=0;impressions=0","template_skeleton_cluster","merge_into:괌-가족여행-아이와-함께-즐길-수-있는-액티비티-추천-best-5"
"54356f6f-d150-433b-bf9b-1e4a27916ac8","europe-vs","유럽 여행 가이드 2026 | 예산과 실제 비용 체크","published","true","none","LOW","MERGE","괌-가족여행-아이와-함께-즐길-수-있는-액티비티-추천-best-5","dup-f8350b173f4428cd","0","1","0","0","clicks=0;impressions=0","template_skeleton_cluster","merge_into:괌-가족여행-아이와-함께-즐길-수-있는-액티비티-추천-best-5"
"3a8d002e-c5b7-4aa7-b385-30ff3573f49b","hongkong-weather-july","홍콩 7월 날씨 옷차림 여행 준비물 체크리스트","published","true","null","MEDIUM","MERGE","세부-6월-날씨와-옷차림-완벽-가이드","dup-a93503bfa05c440c","0","0","0","0","clicks=0;impressions=0","template_skeleton_cluster","merge_into:세부-6월-날씨와-옷차림-완벽-가이드"
"19b32689-08e6-4223-90ca-98b037ad91e0","cebu-food-budget","세부 여행 가이드 2026 | 예산과 실제 비용 체크","published","true","none","LOW","REFRESH","","dup-f8350b173f4428cd","0","16","0","0","clicks=0;impressions=0","unsupported_numbers","editorial_refresh_with_claim_and_image_evidence"
"7dd2d028-aa68-4ddd-ba60-d3c3b1bd8a4a","cebu-hotel-area","세부 숙소 지역별 예산 여행 가이드 2026 | 예산과 실제 비용 체크","published","true","none","LOW","MERGE","bali-hotel-area","dup-8a143ab886f7feaf","0","21","1","0","clicks=0;impressions=0","template_skeleton_cluster","merge_into:bali-hotel-area"
"218793c5-c876-4b28-9dda-c06c9a5688af","xian-bx-xian-4-6","부산/김해출발 서안 4박6일 가성비 패키지 44만원~ (2026)","archived","false","none","LOW","MERGE","shizuoka-shizuoka-2-3-bx1645","dup-2d1974d77bff30fa","0","3","0","0","clicks=0;impressions=0","template_skeleton_cluster","merge_into:shizuoka-shizuoka-2-3-bx1645"
"2f84112f-2819-4b40-a51c-3c3b08b80d77","xian-bx-xian-3-5","부산/김해출발 서안 3박5일 가성비 패키지 76만원~ (2026)","archived","false","none","LOW","MERGE","shizuoka-shizuoka-2-3-bx1645","dup-2d1974d77bff30fa","0","3","0","0","clicks=0;impressions=0","template_skeleton_cluster","merge_into:shizuoka-shizuoka-2-3-bx1645"
"ca91bb28-e011-42ee-ba45-959455bd1b8a","shijiazhuang-shijiazhuang-5-7c","부산/김해출발 석가장 3박5일 가성비 패키지 70만원~ (2026)","archived","false","none","LOW","MERGE","shizuoka-shizuoka-2-3-bx1645","dup-2d1974d77bff30fa","0","2","0","2","clicks=0;impressions=0","template_skeleton_cluster","merge_into:shizuoka-shizuoka-2-3-bx1645"
"138f0b3d-2046-4855-a261-080f6a396802","yanji-baekdusan-0709-26-7-baekdusan-adm-20","부산/김해출발 연길/백두산 3박4일 가성비 패키지 50만원~ (2026)","archived","false","none","LOW","MERGE","shizuoka-shizuoka-2-3-bx1645","dup-2d1974d77bff30fa","0","5","0","0","clicks=0;impressions=0","template_skeleton_cluster","merge_into:shizuoka-shizuoka-2-3-bx1645"
"31e65da3-3458-4b01-9212-742ef788fe54","beppu-3-0520","부산/김해출발 벳부 2박3일 가성비 패키지 40만원~ (2026)","archived","false","none","LOW","MERGE","shizuoka-shizuoka-2-3-bx1645","dup-2d1974d77bff30fa","0","4","0","0","clicks=0;impressions=0","template_skeleton_cluster","merge_into:shizuoka-shizuoka-2-3-bx1645"
"ffcf2fad-03f3-4014-a24d-3cc77ad04d52","mongolia-food-budget","몽골 여행 가이드 2026 | 예산과 실제 비용 체크","published","true","none","LOW","MERGE","mongolia-shopping-budget","dup-f8350b173f4428cd","0","26","0","0","clicks=0;impressions=0","exact_title_duplicate","merge_into:mongolia-shopping-budget"
"e0ec5f12-fb88-45ac-9992-0b9c7b1c1a81","bali-transport-cost","발리 교통비 여행 가이드 2026 | 교통비와 이동 동선 체크","published","true","none","MEDIUM","MERGE","phuquoc-transport-cost","dup-c8f865997d93d85f","0","14","0","0","clicks=0;impressions=0","template_skeleton_cluster","merge_into:phuquoc-transport-cost"
"02938617-f6f6-4ef7-a0a7-1100c7c8a168","mongolia-budget-family","몽골 가족 여행 경비 여행 가이드 2026 | 예산과 실제 비용 체크","published","true","none","LOW","REFRESH","","","0","38","0","0","clicks=0;impressions=0","unsupported_numbers","editorial_refresh_with_claim_and_image_evidence"
"1466a960-e45d-43a0-87b3-46f376861076","mongolia-hotel-area","몽골 숙소 지역별 예산 여행 가이드 2026 | 예산과 실제 비용 체크","published","true","none","LOW","MERGE","bali-hotel-area","dup-8a143ab886f7feaf","0","35","0","0","clicks=0;impressions=0","template_skeleton_cluster","merge_into:bali-hotel-area"
"100e0353-364e-44c0-8e6e-e573a94ac70f","mongolia-transport-cost","몽골 교통비 여행 가이드 2026 | 교통비와 이동 동선 체크","published","true","none","MEDIUM","MERGE","phuquoc-transport-cost","dup-c8f865997d93d85f","0","7","0","0","clicks=0;impressions=0","template_skeleton_cluster","merge_into:phuquoc-transport-cost"
"4cb6a0d9-6c12-4b91-adea-4279e836d261","phuquoc-transport-cost","푸꾸옥 교통비 여행 가이드 2026 | 교통비와 이동 동선 체크","published","true","none","MEDIUM","REFRESH","","dup-c8f865997d93d85f","0","15","0","0","clicks=0;impressions=0","unsupported_numbers","editorial_refresh_with_claim_and_image_evidence"
"a3ee5aad-ba1f-495c-80dc-81edf0b97ace","mongolia-first-day-plan","몽골 여행 가이드 2026 | 일정과 이동 동선 체크","published","true","none","LOW","MERGE","kuala-lumpur-singapore-malacca-complete-guide","dup-51cc2ab7dbe96d9b","0","12","0","0","clicks=0;impressions=0","template_skeleton_cluster","merge_into:kuala-lumpur-singapore-malacca-complete-guide"
"6496b71a-23d9-4cfc-86fe-29a0630b3052","mongolia-shopping-budget","몽골 여행 가이드 2026 | 예산과 실제 비용 체크","published","true","none","LOW","REFRESH","","dup-f8350b173f4428cd","0","20","0","0","clicks=0;impressions=0","unsupported_numbers","editorial_refresh_with_claim_and_image_evidence"
"c3b368ce-b770-4000-be2e-15cd35ac8fc9","shijiazhuang-shijiazhuang-4-7c","부산/김해출발 석가장 2박4일 가성비 패키지 70만원~ (2026)","archived","false","none","LOW","MERGE","shizuoka-shizuoka-2-3-bx1645","dup-2d1974d77bff30fa","0","3","0","2","clicks=0;impressions=0","template_skeleton_cluster","merge_into:shizuoka-shizuoka-2-3-bx1645"
"621aed55-340c-4ea9-b6a5-44f25dd3cb4a","bali-hotel-area","발리 숙소 지역별 예산 여행 가이드 2026 | 예산과 실제 비용 체크","published","true","none","LOW","REFRESH","","dup-8a143ab886f7feaf","0","38","0","0","clicks=0;impressions=0","unsupported_numbers","editorial_refresh_with_claim_and_image_evidence"
"b4bb98f6-545a-40e7-84c7-4182dcc0c674","guilin-busan-guilin-4-6-pkg","계림 부산-계림 4박6일 여행 가이드 2026|비용·준비물·예약 체크리스트","archived","false","none","LOW","REFRESH","","","0","3","0","0","clicks=0;impressions=0","unsupported_numbers","editorial_refresh_with_claim_and_image_evidence"
"bc613ddb-ea6e-4b0c-979d-1d56c94b03d3","busan-guilin-busan-guilin-4-6-pkg","부산 계림 품격 여행 가이드 2026|예산과 실제 비용 체크","archived","false","none","LOW","REFRESH","","","0","3","0","2","clicks=0;impressions=0","unsupported_numbers","editorial_refresh_with_claim_and_image_evidence"
"522cb246-f7c7-41ad-b73c-c463f86e30f7","guilin-busan-guilin-3-5-pkg","계림 부산-계림 3박5일 여행 가이드 2026|비용·준비물·예약 체크리스트","archived","false","none","LOW","REFRESH","","","0","3","0","0","clicks=0;impressions=0","unsupported_numbers","editorial_refresh_with_claim_and_image_evidence"
"6555d23b-d672-42f4-981e-3812f990d76e","mongolia-july-weather-clothes-checklist-2026","몽골 7월 날씨 여행 가이드 2026 | 월별 날씨 · 옷차림 체크리스트","published","true","none","MEDIUM","MERGE","boracay-7-weather-preparation","dup-c301b3d0428a4507","0","4","0","0","clicks=0;impressions=0","template_skeleton_cluster","merge_into:boracay-7-weather-preparation"
"f5f12e20-f0a5-467a-b58a-d789e5395c20","phuquoc-ze-busan-phuquoc-5","푸꾸옥 [ZE] 부산출발 여행 가이드 2026|비용·준비물·예약 체크리스트","archived","false","none","LOW","REFRESH","","","0","3","0","0","clicks=0;impressions=0","unsupported_numbers","editorial_refresh_with_claim_and_image_evidence"
"5ce6be96-5f47-4ae9-bd69-89b8cf2c39a5","bali-budget-family","발리 가족 여행 경비 여행 가이드 2026 | 예산과 실제 비용 체크","published","true","none","LOW","REFRESH","","","0","3","0","0","clicks=0;impressions=0","unsupported_numbers","editorial_refresh_with_claim_and_image_evidence"
"8185d238-6f92-4c45-b0d3-58a04fb59481","danang-hoian-lj-599-danang-7-8-599-0626","부산/김해출발 다낭/호이안 3박5일 가성비 패키지 60만원~ (2026)","archived","false","none","LOW","MERGE","shizuoka-shizuoka-2-3-bx1645","dup-2d1974d77bff30fa","0","5","0","2","clicks=0;impressions=0","template_skeleton_cluster","merge_into:shizuoka-shizuoka-2-3-bx1645"
"37f10c1e-bc06-483d-83e9-22f2e9eb7466","shizuoka-shizuoka-2-3-bx1645","부산/김해출발 시즈오카/카와구치 2박3일 가성비 패키지 65만원~ (2026)","archived","false","none","LOW","REFRESH","","dup-2d1974d77bff30fa","0","3","0","2","clicks=0;impressions=0","unsupported_numbers","editorial_refresh_with_claim_and_image_evidence"
"7a7d1b24-071c-4df0-90f5-285b2f4b80f6","phuquoc-pkg-ze-phuquoc-2-vienna-4-6","푸꾸옥 PKG ZE 여행 가이드 2026|비용·준비물·예약 체크리스트","archived","false","none","LOW","REFRESH","","","0","2","0","2","clicks=0;impressions=0","unsupported_numbers","editorial_refresh_with_claim_and_image_evidence"
"99989570-8470-4b27-a8a3-fef305da9acf","clark-food","클락 여행 가이드 2026 | 예산과 실제 비용 체크","published","true","none","LOW","MERGE","괌-가족여행-아이와-함께-즐길-수-있는-액티비티-추천-best-5","dup-f8350b173f4428cd","0","11","1","0","clicks=0;impressions=0","template_skeleton_cluster","merge_into:괌-가족여행-아이와-함께-즐길-수-있는-액티비티-추천-best-5"
"c1b83c82-9b08-4c00-bad4-5f37e5604517","nhatrang-weather","나트랑 월별 날씨와 옷차림 여행 가이드 2026 | 월별 날씨 · 옷차림 체크리스트","published","true","none","MEDIUM","REFRESH","","","0","3","0","0","clicks=0;impressions=0","unsupported_numbers","editorial_refresh_with_claim_and_image_evidence"
"563aa640-2c5f-493f-8e06-b2083f4dc6e9","manila-6-weather-complete-guide","마닐라 6월 날씨 여행 가이드 2026 | 월별 날씨 · 옷차림 체크리스트","published","true","none","MEDIUM","MERGE","boracay-7-weather-preparation","dup-c301b3d0428a4507","0","4","0","0","clicks=0;impressions=0","template_skeleton_cluster","merge_into:boracay-7-weather-preparation"
"731e875c-3b64-4fe7-8ff3-de057d13b024","july-family-travel-weather-clothes-checklist-2026","가족 7월 날씨 여행 가이드 2026 | 월별 날씨 · 옷차림 체크리스트","archived","false","none","MEDIUM","MERGE","boracay-7-weather-preparation","dup-c301b3d0428a4507","0","7","0","2","clicks=0;impressions=0","template_skeleton_cluster","merge_into:boracay-7-weather-preparation"
"12d7c78a-e350-4605-83cb-d8ba92029415","singapore-july-weather-clothes-checklist-2026","싱가포르 월별 날씨와 옷차림 여행 준비 체크리스트와 비교 기준 2026","published","true","null","MEDIUM","MERGE","xian-weather-clothes-checklist-2026","dup-2d0f6e83d61ee566","0","0","0","0","clicks=0;impressions=0","template_skeleton_cluster","merge_into:xian-weather-clothes-checklist-2026"
"8d9af5e8-61a3-47cb-9453-675586d0136a","osaka-july-weather-clothes-checklist-2026","오사카 7월 날씨 여행 가이드 2026 | 월별 날씨 · 옷차림 체크리스트","published","true","none","MEDIUM","MERGE","boracay-7-weather-preparation","dup-c301b3d0428a4507","0","6","0","0","clicks=0;impressions=0","template_skeleton_cluster","merge_into:boracay-7-weather-preparation"
"c0287a59-4e19-4ae3-aa37-c044db121014","shijiazhuang-food-best-food","석가장 여행 가이드 2026 | 예산과 실제 비용 체크","published","true","none","LOW","MERGE","괌-가족여행-아이와-함께-즐길-수-있는-액티비티-추천-best-5","dup-f8350b173f4428cd","0","4","0","0","clicks=0;impressions=0","template_skeleton_cluster","merge_into:괌-가족여행-아이와-함께-즐길-수-있는-액티비티-추천-best-5"
"23e40094-46ff-4993-9e39-ae169a953c79","yanji-baekdusan-yanji-baekdusan-3-4","김해출발 연길/백두산 3박4일 가성비 패키지 130만원~ (2026)","archived","false","none","LOW","REFRESH","","","0","2","0","2","clicks=0;impressions=0","unsupported_numbers","editorial_refresh_with_claim_and_image_evidence"
"4233f6c4-f9e9-45c0-9c1b-859feeea47de","boracay-7-weather-preparation","보라카이 7월 날씨 여행 가이드 2026 | 월별 날씨 · 옷차림 체크리스트","published","true","none","MEDIUM","REFRESH","","dup-c301b3d0428a4507","0","3","0","0","clicks=0;impressions=1","unsupported_numbers","editorial_refresh_with_claim_and_image_evidence"
"aa4064ab-0ff6-4795-9480-386d1aa73ab4","travel-guide-cad7f36e","7월 필리핀 보라카이, 에어컨 없는 숙소 괜찮을까? — 총정리","archived","false","none","LOW","REFRESH","","","0","6","0","0","clicks=0;impressions=0","unsupported_numbers","editorial_refresh_with_claim_and_image_evidence"
"070bc105-812f-4fe1-a070-dc0c945beeaf","summer-travel-insurance-coverage-guide-2026","여름 휴가 해외여행자 보험 여행 가이드 2026 | 일정, 비용, 준비물 체크","published","false","none","HIGH","QUARANTINE","","","0","7","0","0","clicks=0;impressions=0","high_risk_unapproved","human_review_before_any_publication"
"77279c98-b3c7-4d15-8c14-eb5638fe8d1b","shijiazhuang-itinerary","석가장 여행 가이드 2026|코스·동선·이동시간 체크","archived","false","none","LOW","REFRESH","","","0","18","0","1","clicks=0;impressions=0","unsupported_numbers","editorial_refresh_with_claim_and_image_evidence"
"b361b5b1-169a-483e-b361-7fcd9a33fae0","shijiazhuang-3-4-budget","석가장 여행 비용 여행 가이드 2026 | 예산 · 경비 · 비용 절약 체크","published","true","none","LOW","REFRESH","","","0","0","0","0","clicks=0;impressions=0","image_quality","editorial_refresh_with_claim_and_image_evidence"
"6f69a16b-bced-4750-bdbb-01658dcef41c","cebu-3-4-budget","세부 여행 비용 여행 가이드 2026 | 예산 · 경비 · 비용 절약 체크","published","true","none","LOW","REFRESH","","","0","16","0","0","clicks=0;impressions=0","unsupported_numbers","editorial_refresh_with_claim_and_image_evidence"
"5eebcd9b-af0f-493f-9a6a-c6e24950f3ef","overseas-roaming-usim-esim-comparison-2026","해외여행 로밍 여행 가이드 2026 | 유심, eSIM, 로밍 선택 체크","published","true","none","LOW","REFRESH","","","0","9","0","0","clicks=0;impressions=0","unsupported_numbers","editorial_refresh_with_claim_and_image_evidence"
"c20dcaac-019e-41a7-895b-7b89ef476445","europe-independent-travel-tips-july-2026","유럽 자유여행 팁 여행 가이드 2026 | 예산 · 경비 · 비용 절약 체크","published","true","none","LOW","REFRESH","","","0","14","0","2","clicks=0;impressions=0","unsupported_numbers","editorial_refresh_with_claim_and_image_evidence"
"1478fb02-f75e-4f3b-ba4e-d55ba0531278","bali-july-weather-checklist","발리 7월 날씨 옷차림 여행 준비물 체크리스트","published","true","null","MEDIUM","MERGE","세부-6월-날씨와-옷차림-완벽-가이드","dup-a93503bfa05c440c","0","0","0","0","clicks=0;impressions=9","template_skeleton_cluster","merge_into:세부-6월-날씨와-옷차림-완벽-가이드"
"f71df1ce-e4f1-4f00-8a1b-e132adf2b409","cebu-july-weather-clothes-checklist-2026","7월 세부 날씨 여행 가이드 2026 | 월별 날씨 · 옷차림 체크리스트","published","true","none","MEDIUM","REFRESH","","","0","6","0","0","clicks=0;impressions=0","unsupported_numbers","editorial_refresh_with_claim_and_image_evidence"
"4d11c42a-0cc8-4c2d-8c17-16f9c323f137","summer-airport-crowding-departure-tips-2026","여름 휴가 공항 혼잡 여행 가이드 2026 | 예산 · 경비 · 비용 절약 체크","published","true","none","MEDIUM","REFRESH","","","0","13","0","0","clicks=0;impressions=0","unsupported_numbers","editorial_refresh_with_claim_and_image_evidence"
"0900b9aa-44ed-4cab-a51f-062e173f1e46","july-overseas-flight-ticket-booking-tips-2026","7월 해외 항공권 여행 가이드 2026 | 예산 · 경비 · 비용 절약 체크","published","true","none","LOW","REFRESH","","","0","4","0","0","clicks=0;impressions=0","unsupported_numbers","editorial_refresh_with_claim_and_image_evidence"
"6dc47cb9-9070-4c59-aef4-b0b850f2f1a7","clark-travel-preparation-budget-checklist-2026","클락 여행 준비물 여행 가이드 2026 | 예산 · 경비 · 비용 절약 체크","published","true","none","LOW","REFRESH","","","0","8","0","0","clicks=0;impressions=0","unsupported_numbers","editorial_refresh_with_claim_and_image_evidence"
"15d54a8d-de67-4a0d-a4b7-8e382e68a98e","travel-emergency-medicine-summer-checklist","해외여행 비상약 여행 가이드 2026 | 일정과 이동 동선 체크","published","true","none","LOW","REFRESH","","","0","8","0","0","clicks=0;impressions=0","unsupported_numbers","editorial_refresh_with_claim_and_image_evidence"
"abfa69c2-28cd-49c3-9032-48a729064487","phuquoc-preparation","푸꾸옥 여행 가이드 2026 | 비용 · 준비물 · 현지팁 체크","published","true","none","LOW","MERGE","나가사키-여행-준비물-완벽-체크리스트","dup-a01d96110a811b0f","0","5","0","0","clicks=0;impressions=0","template_skeleton_cluster","merge_into:나가사키-여행-준비물-완벽-체크리스트"
"4f42b4ef-a347-4e1e-823d-9e9c280ac20b","europe-july-cool-cities-top-5","유럽 여행 가이드 2026 | 비용 · 준비물 · 현지팁 체크","published","true","none","LOW","MERGE","나가사키-여행-준비물-완벽-체크리스트","dup-a01d96110a811b0f","0","1","0","0","clicks=0;impressions=0","template_skeleton_cluster","merge_into:나가사키-여행-준비물-완벽-체크리스트"
"29a1a1dc-fff1-448f-8855-f6cab0218f99","guam-travel-budget-cost-checklist-2026","괌 여행 가이드 2026 | 예산과 실제 비용 체크","published","true","none","LOW","MERGE","괌-가족여행-아이와-함께-즐길-수-있는-액티비티-추천-best-5","dup-f8350b173f4428cd","0","5","0","0","clicks=0;impressions=0","exact_title_duplicate","merge_into:괌-가족여행-아이와-함께-즐길-수-있는-액티비티-추천-best-5"
"8976b9a1-abe2-4b7f-9824-1fa90ce7e3f7","sydney-july-winter-weather-guide","7월 호주 시드니 여행, 한국과 반대! 겨울 날씨와 즐길 거리 — 정리","published","true","none","MEDIUM","REFRESH","","","0","4","0","0","clicks=0;impressions=2","unsupported_numbers","editorial_refresh_with_claim_and_image_evidence"
"56234e0c-3267-4605-a9e1-dfaf035b4eac","danang-july-rainy-season-weather-tips-2026","7월 다낭 우기 여행, 괜찮을까? 날씨와 즐길 거리 정리","published","true","none","MEDIUM","REFRESH","","","0","8","0","0","clicks=0;impressions=22","unsupported_numbers","editorial_refresh_with_claim_and_image_evidence"
"7965b3a1-30f1-43bc-b3c0-53a628dd5b0f","bangkok-weather-clothes-checklist-2026","방콕 여행 가이드 2026 | 월별 날씨 · 옷차림 체크","published","true","none","MEDIUM","MERGE","danang-weather","dup-5ea29f394d1757c5","0","18","0","0","clicks=0;impressions=0","template_skeleton_cluster","merge_into:danang-weather"
"06038a64-00c0-4e3b-ab54-3deae1ee4e53","mongolia-july-peak-season-preparation-checklist-2026","7월 몽골 여행, 극성수기 예약 팁과 필수 준비물 체크리스트","published","true","none","LOW","REFRESH","","","0","22","0","0","clicks=0;impressions=0","unsupported_numbers","editorial_refresh_with_claim_and_image_evidence"
"4291edbe-64e9-467e-bee5-062d14838433","bohol-food-best-food","보홀 여행 가이드 2026 | 예산과 실제 비용 체크","published","true","none","LOW","MERGE","괌-가족여행-아이와-함께-즐길-수-있는-액티비티-추천-best-5","dup-f8350b173f4428cd","0","11","0","0","clicks=0;impressions=0","template_skeleton_cluster","merge_into:괌-가족여행-아이와-함께-즐길-수-있는-액티비티-추천-best-5"
"442d0153-fd1a-4c1f-9f4f-47d3d3fb4812","bohol-itinerary","보홀 여행 가이드 2026 | 일정과 이동 동선 체크","published","true","none","LOW","MERGE","kuala-lumpur-singapore-malacca-complete-guide","dup-51cc2ab7dbe96d9b","0","24","0","0","clicks=0;impressions=1","template_skeleton_cluster","merge_into:kuala-lumpur-singapore-malacca-complete-guide"
"300bfd37-57d0-458d-abe2-13c3e3c07c58","zhangjiajie-weather","장가계, 범정산, 동인대협곡, 봉황고성 월별 날씨와 옷차림 가이드","published","true","none","MEDIUM","REFRESH","","","0","5","0","0","clicks=0;impressions=0","unsupported_numbers","editorial_refresh_with_claim_and_image_evidence"
"673bf934-a08e-4f89-8831-efb246191b05","xian-weather","서안 여행 가이드 2026 | 월별 날씨 · 옷차림 체크","published","true","none","MEDIUM","MERGE","danang-weather","dup-5ea29f394d1757c5","0","6","0","2","clicks=0;impressions=0","template_skeleton_cluster","merge_into:danang-weather"
"8c3f6172-b1c7-4282-b10b-cc5de57c59e4","qingdao-weather","청도 여행 가이드 2026 | 월별 날씨 · 옷차림 체크","published","true","none","MEDIUM","MERGE","danang-weather","dup-5ea29f394d1757c5","0","18","0","0","clicks=0;impressions=0","template_skeleton_cluster","merge_into:danang-weather"
"de923a0c-5dc5-4b8e-be5f-5307b9204c68","shizuoka-weather","시즈오카 월별 날씨와 옷차림 여행 준비 체크리스트와 비교 기준 2026","published","true","null","MEDIUM","MERGE","xian-weather-clothes-checklist-2026","dup-2d0f6e83d61ee566","0","0","0","0","clicks=0;impressions=0","template_skeleton_cluster","merge_into:xian-weather-clothes-checklist-2026"
"553c1100-1d2d-428d-85e8-acb0e61aac9d","vietnam-visa-entry-documents-2026","베트남 여행 가이드 2026 | 서류 · 입국조건 체크","published","false","changes_requested","HIGH","QUARANTINE","vietnam-visa-free-2026","dup-4ba8368c75361af5","0","11","1","1","clicks=0;impressions=0","review_blocked","human_review_before_any_publication"
"7b00fa67-3b10-4f6b-b637-e7b44a035bb4","nagasaki-travel-cost-preparation-tips-2026","나가사키 여행 가이드 2026 | 예산 · 경비 · 비용 체크","published","true","none","LOW","MERGE","nagasaki-budget-cost-guide-2026","dup-81b09b964ed52872","0","33","0","1","clicks=0;impressions=0","exact_title_duplicate","merge_into:nagasaki-budget-cost-guide-2026"
"43826086-7866-4b12-bfe4-4bc4ed24e3f5","hohhot-monthly-weather-clothes-2026","호화호특 여행 가이드 2026 | 월별 날씨 · 옷차림 체크","published","true","none","MEDIUM","MERGE","호화호특-6월-날씨와-옷차림-완벽-가이드","dup-5ea29f394d1757c5","0","9","1","1","clicks=0;impressions=0","exact_title_duplicate","merge_into:호화호특-6월-날씨와-옷차림-완벽-가이드"
"1e4974b0-ac4f-4077-8226-faddfd040a62","overseas-travel-preparation-budget-checklist-2026","여행 준비 여행 가이드 2026 | 예산과 실제 비용 체크","published","true","none","LOW","MERGE","travel-preparation-budget-cost-checklist-2026","dup-ad181259b4679f81","0","30","1","1","clicks=0;impressions=0","exact_title_duplicate","merge_into:travel-preparation-budget-cost-checklist-2026"
"0aae01be-21b3-4a49-bb37-dd67890b9a12","nagasaki-budget-cost-guide-2026","나가사키 여행 가이드 2026 | 예산 · 경비 · 비용 체크","published","true","none","LOW","REFRESH","","dup-81b09b964ed52872","0","49","0","1","clicks=0;impressions=0","unsupported_numbers","editorial_refresh_with_claim_and_image_evidence"
"92932cfb-7dd5-44b1-a97d-c7de96a14971","travel-preparation-budget-cost-checklist-2026","여행 준비 여행 가이드 2026 | 예산과 실제 비용 체크","published","true","none","LOW","REFRESH","","dup-ad181259b4679f81","0","51","1","1","clicks=0;impressions=0","malformed_korean","editorial_refresh_with_claim_and_image_evidence"
"ff5f3902-91ee-406c-94a3-052801a511b6","nagasaki-best","나가사키 여행 가이드 2026 | 예산과 실제 비용 체크","published","true","none","LOW","MERGE","괌-가족여행-아이와-함께-즐길-수-있는-액티비티-추천-best-5","dup-f8350b173f4428cd","0","52","0","1","clicks=0;impressions=0","template_skeleton_cluster","merge_into:괌-가족여행-아이와-함께-즐길-수-있는-액티비티-추천-best-5"
"a582001c-9c6f-4a91-9c73-056c3f2cd6e3","shijiazhuang-weather","석가장 여행 가이드 2026 | 월별 날씨 · 옷차림 체크","published","true","none","MEDIUM","MERGE","석가장-6월-날씨와-옷차림-완벽-가이드","dup-5ea29f394d1757c5","0","11","0","0","clicks=0;impressions=0","exact_title_duplicate","merge_into:석가장-6월-날씨와-옷차림-완벽-가이드"
"d7169abe-7c8e-476c-bc13-256faffe0136","nagasaki-preparation","나가사키 여행 가이드 2026 | 일정과 이동 동선 체크","published","true","none","LOW","MERGE","kuala-lumpur-singapore-malacca-complete-guide","dup-51cc2ab7dbe96d9b","0","18","0","0","clicks=0;impressions=0","template_skeleton_cluster","merge_into:kuala-lumpur-singapore-malacca-complete-guide"
"cab8db47-8428-42ce-b5eb-a111aea260c5","nagasaki-currency","나가사키 여행 가이드 2026 | 환전 · 결제 · 팁 체크","published","true","none","LOW","MERGE","나트랑-달랏-화폐-환전-팁-문화-총정리","dup-ee9edbdad1e4b990","0","25","0","0","clicks=0;impressions=0","template_skeleton_cluster","merge_into:나트랑-달랏-화폐-환전-팁-문화-총정리"
"c0004ad7-25b2-4f1e-90f0-d66126a3d46c","bohol-currency","보홀 화폐 · 환전 · 팁 문화 정리 — 체크리스트","published","true","none","LOW","REFRESH","","","0","5","0","0","clicks=0;impressions=0","unsupported_numbers","editorial_refresh_with_claim_and_image_evidence"
"dee66987-a5a3-4aea-a7ba-eadea6eb4091","shijiazhuang-preparation","석가장 여행 가이드 2026 | 일정과 이동 동선 체크","published","true","none","LOW","MERGE","kuala-lumpur-singapore-malacca-complete-guide","dup-51cc2ab7dbe96d9b","0","8","0","0","clicks=0;impressions=0","template_skeleton_cluster","merge_into:kuala-lumpur-singapore-malacca-complete-guide"
"84f3f697-3d34-4ce4-814b-c8daed578480","shimonosekifukuokabeppu","시모노세키/후쿠오카/벳부 여행 준비물 완벽 체크리스트","archived","false","none","LOW","MERGE","shimonoseki-fukuoka-beppu-preparation","dup-c4d8cf2a5fff5f93","0","21","0","0","clicks=0;impressions=0","exact_title_duplicate","merge_into:shimonoseki-fukuoka-beppu-preparation"
"2034bce7-ccb2-46b9-a050-72bc0f2faad7","bohol-weather","보홀 여행 가이드 2026 | 월별 날씨 · 옷차림 체크","published","true","none","MEDIUM","MERGE","danang-weather","dup-5ea29f394d1757c5","0","1","0","0","clicks=0;impressions=0","template_skeleton_cluster","merge_into:danang-weather"
"4e025c00-5d0a-43f3-9472-1ea8dda35179","bohol-preparation","보홀 여행 가이드 2026 | 비용 · 준비물 · 현지팁 체크","published","true","none","LOW","MERGE","나가사키-여행-준비물-완벽-체크리스트","dup-a01d96110a811b0f","0","7","0","0","clicks=0;impressions=0","template_skeleton_cluster","merge_into:나가사키-여행-준비물-완벽-체크리스트"
"a6fd2e26-bb81-4d52-a35a-4472d78032d3","manila-weather","마닐라 월별 날씨와 옷차림 여행 준비 체크리스트와 비교 기준 2026","published","true","null","MEDIUM","MERGE","xian-weather-clothes-checklist-2026","dup-2d0f6e83d61ee566","0","0","0","0","clicks=0;impressions=0","template_skeleton_cluster","merge_into:xian-weather-clothes-checklist-2026"
"b2ca9eb0-3332-44e8-9a91-78391d056a1b","manila-preparation","마닐라 여행 가이드 2026 | 비용 · 준비물 · 현지팁 체크","published","true","none","LOW","MERGE","나가사키-여행-준비물-완벽-체크리스트","dup-a01d96110a811b0f","0","4","0","0","clicks=0;impressions=0","template_skeleton_cluster","merge_into:나가사키-여행-준비물-완벽-체크리스트"
"7c5f579f-039c-4212-a479-bab2d9fc4290","danang-budget-cost-guide-2026","다낭 여행 가이드 2026 | 예산 · 경비 · 비용 체크","published","true","none","LOW","MERGE","danang-complete-guide","dup-81b09b964ed52872","0","13","0","0","clicks=0;impressions=0","exact_title_duplicate","merge_into:danang-complete-guide"
"812343df-82d7-442b-8cfb-c25dd161ba0a","danang-itinerary-route-guide-2026","다낭 여행 가이드 2026 | 일정과 이동 동선 체크","published","true","none","LOW","MERGE","kuala-lumpur-singapore-malacca-complete-guide","dup-51cc2ab7dbe96d9b","0","21","0","0","clicks=0;impressions=0","template_skeleton_cluster","merge_into:kuala-lumpur-singapore-malacca-complete-guide"
"15840f1b-d9c0-4164-9695-5e2cbe564c46","bohol-budget-cost-guide-2026","보홀 여행 가이드 2026 | 예산 · 경비 · 비용 체크","published","true","none","LOW","MERGE","bohol-complete-guide","dup-81b09b964ed52872","0","21","0","0","clicks=0;impressions=0","exact_title_duplicate","merge_into:bohol-complete-guide"
"d8822b29-6cb4-47e0-9644-98015f1a1782","nhatrang-dalat-complete-guide","나트랑 여행 가이드 2026 | 일정과 이동 동선 체크","published","true","none","LOW","MERGE","kuala-lumpur-singapore-malacca-complete-guide","dup-51cc2ab7dbe96d9b","0","30","0","0","clicks=0;impressions=0","template_skeleton_cluster","merge_into:kuala-lumpur-singapore-malacca-complete-guide"
"84ac3cf9-039a-4243-aadd-a6c0345900e4","shijiazhuang-currency-2","석가장 여행 가이드 2026 | 환전 · 결제 · 팁 체크","published","true","none","LOW","MERGE","shijiazhuang-currency","dup-ee9edbdad1e4b990","0","1","0","1","clicks=0;impressions=0","exact_title_duplicate","merge_into:shijiazhuang-currency"
"8a79ea6b-be43-4e02-bfcb-09facf4716ce","danang-currency","다낭 여행 가이드 2026 | 환전 · 결제 · 팁 체크","published","true","none","LOW","MERGE","나트랑-달랏-화폐-환전-팁-문화-총정리","dup-ee9edbdad1e4b990","0","3","0","0","clicks=0;impressions=0","template_skeleton_cluster","merge_into:나트랑-달랏-화폐-환전-팁-문화-총정리"
"1cd353cb-c2f6-4b70-b2ac-899e05e3c523","kualalumpur-singapore-malacca-weather","쿠알라룸푸르/싱가포르/말라카 월별 날씨와 옷차림 가이드","published","true","none","MEDIUM","REFRESH","","","0","4","0","0","clicks=0;impressions=0","unsupported_numbers","editorial_refresh_with_claim_and_image_evidence"
"238dc4f6-1b59-48ba-acf0-ab3a530f8954","shimonoseki-fukuoka-beppu-preparation","시모노세키/후쿠오카/벳부 여행 준비물 완벽 체크리스트","published","true","none","LOW","REFRESH","","dup-c4d8cf2a5fff5f93","0","5","0","1","clicks=0;impressions=0","unsupported_numbers","editorial_refresh_with_claim_and_image_evidence"
"b53c31f6-6cc3-418f-a42e-f0db20df8d47","vietnam-visa-free-2026","베트남 여행 가이드 2026 | 서류 · 입국조건 체크","published","false","changes_requested","HIGH","QUARANTINE","","dup-4ba8368c75361af5","0","8","1","1","clicks=0;impressions=0","review_blocked","human_review_before_any_publication"
"2a3d9249-fde9-4c06-abb1-6eebab1bdf90","nagasaki-monthly-weather-clothes-2026","나가사키 여행 가이드 2026 | 월별 날씨 · 옷차림 체크","published","true","none","MEDIUM","MERGE","danang-weather","dup-5ea29f394d1757c5","0","28","0","1","clicks=0;impressions=0","template_skeleton_cluster","merge_into:danang-weather"
"d8c09258-9128-4559-a360-ba0be837232c","danang-preparation","다낭 여행 가이드 2026 | 비용 · 준비물 · 현지팁 체크","published","true","none","LOW","MERGE","나가사키-여행-준비물-완벽-체크리스트","dup-a01d96110a811b0f","0","10","0","0","clicks=0;impressions=0","template_skeleton_cluster","merge_into:나가사키-여행-준비물-완벽-체크리스트"
"2b25cbe7-ced0-4266-9a9a-e401c33e4b98","cebu-preparation","세부 여행 가이드 2026 | 비용 · 준비물 · 현지팁 체크","published","true","none","LOW","MERGE","나가사키-여행-준비물-완벽-체크리스트","dup-a01d96110a811b0f","0","10","0","0","clicks=0;impressions=0","template_skeleton_cluster","merge_into:나가사키-여행-준비물-완벽-체크리스트"
"4b9c15bd-db9b-4184-9b6a-56f94145877b","shijiazhuang-currency","석가장 여행 가이드 2026 | 환전 · 결제 · 팁 체크","published","true","none","LOW","REFRESH","","dup-ee9edbdad1e4b990","0","15","0","1","clicks=0;impressions=0","unsupported_numbers","editorial_refresh_with_claim_and_image_evidence"
"c4222869-7dff-44c4-89fc-6b80c6a278bb","okinawa-preparation","오키나와 여행 가이드 2026 | 비용 · 준비물 · 현지팁 체크","published","true","none","LOW","MERGE","okinawa-travel-cost-preparation-tips-2026","dup-a01d96110a811b0f","0","18","0","0","clicks=0;impressions=0","exact_title_duplicate","merge_into:okinawa-travel-cost-preparation-tips-2026"
"6566d0bf-7cff-4c8f-a6d4-f0d71518fec7","nagasaki-weather","나가사키 월별 날씨와 옷차림 여행 준비 체크리스트와 비교 기준 2026","published","true","null","MEDIUM","MERGE","xian-weather-clothes-checklist-2026","dup-2d0f6e83d61ee566","0","0","0","2","clicks=0;impressions=0","template_skeleton_cluster","merge_into:xian-weather-clothes-checklist-2026"
"a8a0c046-9502-47fd-b8ce-4d000b487ce1","cebu-weather","세부 여행 가이드 2026 | 월별 날씨 · 옷차림 체크","published","true","none","MEDIUM","MERGE","danang-weather","dup-5ea29f394d1757c5","0","7","0","0","clicks=0;impressions=0","template_skeleton_cluster","merge_into:danang-weather"
"98544e75-c119-4c7b-84df-7a7333ef2f0f","travelwallet-vs-atm","해외여행 환전 여행 가이드 2026 | 환전, 카드, 현금 준비 체크","published","true","none","LOW","REFRESH","","","0","12","0","0","clicks=0;impressions=0","unsupported_numbers","editorial_refresh_with_claim_and_image_evidence"
"868fc898-3ff0-4ffa-aef8-ae50e65c4c4f","june-family-travel-best-3","6월 가족 해외여행 여행 가이드 2026 | 예산과 실제 비용 체크","published","true","none","LOW","REFRESH","","","0","29","0","1","clicks=0;impressions=0","unsupported_numbers","editorial_refresh_with_claim_and_image_evidence"
"d8344623-3d9e-4868-8b86-be16e16b34e7","southeast-asia-danang-boracay-kotakinabalu-comparison-2026","동남아 여행 가이드 2026 | 월별 날씨 · 옷차림 체크","published","true","none","MEDIUM","MERGE","danang-weather","dup-5ea29f394d1757c5","0","44","0","1","clicks=0;impressions=0","template_skeleton_cluster","merge_into:danang-weather"
"ae9caf5e-8dcd-4d09-89ce-3132167088b8","huangshan-6","황산 여행 가이드 2026 | 날씨와 옷차림 체크","published","true","none","MEDIUM","MERGE","kualalumpursingaporemalacca-6","dup-0bb255634a499606","0","17","0","1","clicks=0;impressions=0","template_skeleton_cluster","merge_into:kualalumpursingaporemalacca-6"
"7486a31d-e4ec-4254-8bf6-36dc4a9672c4","japan-entry-qa","일본 여행 가이드 2026 | 서류 · 입국조건 체크","published","false","changes_requested","HIGH","QUARANTINE","europe-etias","dup-4ba8368c75361af5","0","9","1","3","clicks=0;impressions=0","review_blocked","human_review_before_any_publication"
"e39f41ee-280e-459c-8414-f85ed9f63c1c","okinawa-travel-cost-preparation-tips-2026","오키나와 여행 가이드 2026 | 비용 · 준비물 · 현지팁 체크","published","true","none","LOW","REFRESH","","dup-a01d96110a811b0f","0","34","0","0","clicks=0;impressions=0","unsupported_numbers","editorial_refresh_with_claim_and_image_evidence"
"90c888d1-b308-4ce6-944f-f5fc4ce53de3","fukuoka-6","후쿠오카 여행 가이드 2026 | 날씨와 옷차림 체크","published","true","none","MEDIUM","MERGE","kualalumpursingaporemalacca-6","dup-0bb255634a499606","0","11","0","0","clicks=0;impressions=0","template_skeleton_cluster","merge_into:kualalumpursingaporemalacca-6"
"a384b4f4-6550-4ecd-bd9b-7f5f7d508a78","fukuoka-june-weather-rainy-day-itinerary-2026","6월 후쿠오카 날씨, 비 와도 즐거운 실내 여행 코스 추천","published","true","none","MEDIUM","REFRESH","","","0","30","0","1","clicks=0;impressions=0","unsupported_numbers","editorial_refresh_with_claim_and_image_evidence"
"54335369-e546-423b-991b-c2443c190ad8","europe-etias","유럽 여행 가이드 2026 | 서류 · 입국조건 체크","published","false","changes_requested","HIGH","QUARANTINE","","dup-4ba8368c75361af5","1","5","3","0","clicks=0;impressions=0","review_blocked","human_review_before_any_publication"
"62f0fea0-7f90-4baa-a22d-a35820166f19","zhangjiajie-6","장가계 여행 가이드 2026 | 날씨와 옷차림 체크","published","true","none","MEDIUM","MERGE","kualalumpursingaporemalacca-6","dup-0bb255634a499606","0","7","0","0","clicks=0;impressions=0","template_skeleton_cluster","merge_into:kualalumpursingaporemalacca-6"
"8a855e91-a833-4556-9b1c-b337a01fd2d1","june-sapporo-weather","6월 삿포로 날씨, 초여름 홋카이도 옷차림 꿀팁과 가볼만한 곳","published","true","none","MEDIUM","REFRESH","","","0","18","0","0","clicks=0;impressions=5","unsupported_numbers","editorial_refresh_with_claim_and_image_evidence"
"90ae4bae-9be8-428e-bdbd-aa5c08c791ce","bangkok-june-rainy-season-weather-preparation-2026","방콕 6월 날씨 옷차림 여행 준비물 체크리스트","published","true","null","MEDIUM","MERGE","세부-6월-날씨와-옷차림-완벽-가이드","dup-a93503bfa05c440c","0","0","0","1","clicks=0;impressions=0","template_skeleton_cluster","merge_into:세부-6월-날씨와-옷차림-완벽-가이드"
"ee77433f-204f-49af-a329-cc56edc0e308","qingdao-6","청도 여행 가이드 2026 | 날씨와 옷차림 체크","published","true","none","MEDIUM","MERGE","kualalumpursingaporemalacca-6","dup-0bb255634a499606","0","13","0","0","clicks=0;impressions=0","template_skeleton_cluster","merge_into:kualalumpursingaporemalacca-6"
"2b977a53-d5a6-4ae9-8c5f-228b32d35285","shizuoka-6","시즈오카 여행 가이드 2026 | 날씨와 옷차림 체크","published","true","none","MEDIUM","MERGE","kualalumpursingaporemalacca-6","dup-0bb255634a499606","0","25","0","0","clicks=0;impressions=0","template_skeleton_cluster","merge_into:kualalumpursingaporemalacca-6"
"eb7b6d3a-9069-4b0d-9e1f-ae950d7666be","yufuinbeppu-6","유후인 월별 날씨와 옷차림 여행 준비 체크리스트와 비교 기준 2026","published","true","null","MEDIUM","MERGE","xian-weather-clothes-checklist-2026","dup-2d0f6e83d61ee566","0","0","0","2","clicks=0;impressions=0","template_skeleton_cluster","merge_into:xian-weather-clothes-checklist-2026"
"54504064-3806-4ce1-a26e-1bb49c8c1516","travel-cost-saving-tips","해외여행 경비 절약 여행 가이드 2026 | 예산과 실제 비용 체크","published","true","none","LOW","REFRESH","","","0","20","0","0","clicks=0;impressions=0","unsupported_numbers","editorial_refresh_with_claim_and_image_evidence"
"716cc39c-9b52-49d0-bf42-4911bc015eda","rainy-season-overseas-travel-top-3-2026","장마철 해외여행 여행 가이드 2026 | 예산과 실제 비용 체크","published","true","none","LOW","REFRESH","","","0","16","0","2","clicks=0;impressions=0","unsupported_numbers","editorial_refresh_with_claim_and_image_evidence"
"b4e7e5a7-d846-49af-9d16-8a86e0eb55b3","nhatrang-6","나트랑 6월 날씨 옷차림 여행 준비물 체크리스트","published","true","null","MEDIUM","MERGE","세부-6월-날씨와-옷차림-완벽-가이드","dup-a93503bfa05c440c","0","0","0","0","clicks=0;impressions=0","template_skeleton_cluster","merge_into:세부-6월-날씨와-옷차림-완벽-가이드"
"a86a8ed3-9d7c-4a46-8717-8b62454fa5f0","danang-weather-clothes-checklist-2026","다낭 여행 가이드 2026 | 월별 날씨 · 옷차림 체크","published","true","none","MEDIUM","MERGE","danang-weather","dup-5ea29f394d1757c5","0","24","0","0","clicks=0;impressions=1","exact_title_duplicate","merge_into:danang-weather"
"55e07a05-2ddf-4c64-a0f9-64ecbbe746c7","xian-weather-clothes-checklist-2026","서안 월별 날씨와 옷차림 여행 준비 체크리스트와 비교 기준 2026","published","true","null","MEDIUM","REFRESH","","dup-2d0f6e83d61ee566","0","0","0","1","clicks=0;impressions=0","image_quality","editorial_refresh_with_claim_and_image_evidence"
"d3544bf5-3f4c-41b4-8c16-1fd68dcffc84","guam-best-5","괌 여행 가이드 2026 | 예산과 실제 비용 체크","published","true","none","LOW","MERGE","괌-가족여행-아이와-함께-즐길-수-있는-액티비티-추천-best-5","dup-f8350b173f4428cd","0","32","0","0","clicks=0;impressions=0","exact_title_duplicate","merge_into:괌-가족여행-아이와-함께-즐길-수-있는-액티비티-추천-best-5"
"1044055b-31ba-410b-a287-9043c1f165e0","nhatrangdalat","나트랑 여행 가이드 2026 | 환전 · 결제 · 팁 체크","published","true","none","LOW","MERGE","나트랑-달랏-화폐-환전-팁-문화-총정리","dup-ee9edbdad1e4b990","0","23","0","0","clicks=0;impressions=0","exact_title_duplicate","merge_into:나트랑-달랏-화폐-환전-팁-문화-총정리"
"7b7e6957-b4bb-4c72-acb9-70244161e887","kualalumpursingaporemalacca-6","쿠알라룸푸르 여행 가이드 2026 | 날씨와 옷차림 체크","published","true","none","MEDIUM","REFRESH","","dup-0bb255634a499606","0","14","0","0","clicks=0;impressions=0","unsupported_numbers","editorial_refresh_with_claim_and_image_evidence"
"d8ae83b9-058f-472c-9ea6-2de39981fced","yufuin-beppu-2n3d-value-bb17b1","부산출발 유후인/벳부/아소/쿠로가와 2박3일 가성비 패키지 65만원~ (2026)","archived","false","none","LOW","MERGE","4n6d-value","dup-605ad88c1c300979","0","12","0","1","clicks=0;impressions=0","template_skeleton_cluster","merge_into:4n6d-value"
"90004ca0-93aa-40ee-96e4-d0d9041b6ea1","shizuoka-complete-guide","시즈오카 여행 가이드 2026 | 예산 · 경비 · 비용 체크","published","true","none","LOW","MERGE","석가장-여행-완벽-가이드-관광지-일정-비용","dup-81b09b964ed52872","0","22","0","0","clicks=0;impressions=1","template_skeleton_cluster","merge_into:석가장-여행-완벽-가이드-관광지-일정-비용"
"dcf535e5-4efc-4306-8ae4-16e5e6ca3bcf","xian-huashan-4n5d-value-a99559","부산출발 서안,화산 4박5일 가성비 패키지 80만원~ (2026)","archived","false","none","LOW","MERGE","4n6d-value","dup-605ad88c1c300979","0","11","0","3","clicks=0;impressions=0","template_skeleton_cluster","merge_into:4n6d-value"
"d979dc0c-0450-41c1-8c56-5a25c5a178d2","canada-7","캐나다 여행 가이드 2026 | 예산과 실제 비용 체크","published","true","none","LOW","MERGE","괌-가족여행-아이와-함께-즐길-수-있는-액티비티-추천-best-5","dup-f8350b173f4428cd","0","30","0","0","clicks=0;impressions=0","template_skeleton_cluster","merge_into:괌-가족여행-아이와-함께-즐길-수-있는-액티비티-추천-best-5"
"5032aab6-7278-4484-a39f-9c8a409b5766","2n3d-value-e26db6","부산출발 시즈오카 2박3일 가성비 패키지 53만원~ (2026)","archived","false","none","LOW","MERGE","4n6d-value","dup-605ad88c1c300979","0","12","0","1","clicks=0;impressions=0","template_skeleton_cluster","merge_into:4n6d-value"
"f97ef26c-4ace-4d61-baa1-e7b96e9fee71","bohol-complete-guide","보홀 여행 가이드 2026 | 예산 · 경비 · 비용 체크","published","true","none","LOW","REFRESH","","dup-81b09b964ed52872","0","24","0","0","clicks=0;impressions=0","unsupported_numbers","editorial_refresh_with_claim_and_image_evidence"
"0296388d-ca4d-4838-8bb6-b5709206f574","guilin-yangshuo-complete-guide","계림 여행 가이드 2026 | 일정과 이동 동선 체크","published","true","none","LOW","MERGE","kuala-lumpur-singapore-malacca-complete-guide","dup-51cc2ab7dbe96d9b","0","22","0","1","clicks=0;impressions=0","template_skeleton_cluster","merge_into:kuala-lumpur-singapore-malacca-complete-guide"
"ed7fad2e-dd84-46a6-837b-355ea027dfc1","manila-complete-guide","마닐라 여행 가이드 2026 | 예산 · 경비 · 비용 체크","published","true","none","LOW","MERGE","석가장-여행-완벽-가이드-관광지-일정-비용","dup-81b09b964ed52872","0","19","0","0","clicks=0;impressions=0","template_skeleton_cluster","merge_into:석가장-여행-완벽-가이드-관광지-일정-비용"
"9d4d1b01-b651-45c6-b052-609689fe0259","esta-2026","미국 여행 가이드 2026 | 입국 조건과 준비 서류 체크","published","false","changes_requested","HIGH","QUARANTINE","","","0","12","0","0","clicks=0;impressions=0","review_blocked","human_review_before_any_publication"
"c64c5a44-d14c-4e16-8e2c-33d39b2fd70a","japan-pocket-wifi-usim-esim-comparison-2026","일본 여행 가이드 2026 | 유심, eSIM, 로밍 선택 체크","published","true","none","LOW","MERGE","일본-포켓와이파이-vs-유심-vs-esim-나에게-맞는-선택은","dup-6ebc0974b9be18a0","0","15","0","1","clicks=0;impressions=0","exact_title_duplicate","merge_into:일본-포켓와이파이-vs-유심-vs-esim-나에게-맞는-선택은"
"fc5b0022-76ba-4925-a3c4-2c89842aa993","thailand-entry-documents-duty-free-2026","태국 입국 시 필요한 서류와 면세 한도 정리 (2026년 기준)","published","false","changes_requested","HIGH","QUARANTINE","태국-입국-시-필요한-서류와-면세-한도-총정리-2026년-기준","dup-320fe2bcb5d1f129","0","14","0","1","clicks=0;impressions=1","review_blocked","human_review_before_any_publication"
"52fe07aa-7a0d-4a77-ab0c-90dcd390cacf","europe-june-flight-booking-tips-2026","6월 유럽 여행 성수기 전 항공권 여행 가이드 2026 | 예산과 실제 비용 체크","published","true","none","LOW","REFRESH","","","0","15","0","3","clicks=0;impressions=0","unsupported_numbers","editorial_refresh_with_claim_and_image_evidence"
"bc0be18d-f246-40ea-a01f-21ed650d8caf","europe-summer-backpacking-3week-budget-2026","여름방학 유럽 배낭여행 3주 경비 여행 가이드 2026 | 예산과 실제 비용 체크","published","true","none","LOW","REFRESH","","","0","25","0","1","clicks=0;impressions=0","unsupported_numbers","editorial_refresh_with_claim_and_image_evidence"
"375c868b-87af-4b64-9e81-7646731eef5b","southeast-asia-short-flight-holiday-destinations-2026","5월 황금연휴 해외여행 비행시간 여행 가이드 2026 | 예산과 실제 비용 체크","published","true","none","LOW","REFRESH","","","0","36","0","3","clicks=0;impressions=0","unsupported_numbers","editorial_refresh_with_claim_and_image_evidence"
"4db70058-27fb-4a33-9363-e4c526588ba2","qingdao-complete-guide","청도 여행 가이드 2026 | 예산 · 경비 · 비용 체크","published","true","none","LOW","MERGE","석가장-여행-완벽-가이드-관광지-일정-비용","dup-81b09b964ed52872","0","36","0","0","clicks=0;impressions=0","template_skeleton_cluster","merge_into:석가장-여행-완벽-가이드-관광지-일정-비용"
"822658ed-72de-40eb-8675-ea723d2de0bf","호화호특-6월-날씨와-옷차림-완벽-가이드","호화호특 여행 가이드 2026 | 월별 날씨 · 옷차림 체크","published","true","none","MEDIUM","REFRESH","","dup-5ea29f394d1757c5","0","12","0","0","clicks=0;impressions=0","unsupported_numbers","editorial_refresh_with_claim_and_image_evidence"
"96f1b882-63bb-48ed-9d6e-f860c5f2d6ec","세부-6월-날씨와-옷차림-완벽-가이드","세부 6월 날씨 옷차림 여행 준비물 체크리스트","published","true","null","MEDIUM","REFRESH","","dup-a93503bfa05c440c","0","0","0","0","clicks=0;impressions=0","image_quality","editorial_refresh_with_claim_and_image_evidence"
"686b1e77-cc03-4665-9878-ae2aa4a4e41c","석가장-6월-날씨와-옷차림-완벽-가이드","석가장 여행 가이드 2026 | 월별 날씨 · 옷차림 체크","published","true","none","MEDIUM","REFRESH","","dup-5ea29f394d1757c5","0","14","0","2","clicks=0;impressions=2","unsupported_numbers","editorial_refresh_with_claim_and_image_evidence"
"0e5d5663-a146-4de0-aa29-17c3429d896c","보홀-6월-날씨와-옷차림-완벽-가이드","보홀 6월 날씨 옷차림 여행 준비물 체크리스트 — 총정리","published","true","null","MEDIUM","REFRESH","","","0","0","0","0","clicks=0;impressions=0","image_quality","editorial_refresh_with_claim_and_image_evidence"
"0a094868-4896-4eb8-9fc5-2d848078b9ba","다낭-6월-날씨와-옷차림-완벽-가이드","다낭 여행 가이드 2026 | 월별 날씨 · 옷차림 체크","published","true","none","MEDIUM","MERGE","danang-weather","dup-5ea29f394d1757c5","0","32","0","0","clicks=0;impressions=0","exact_title_duplicate","merge_into:danang-weather"
"f0cca4cd-572a-44ff-a5e7-dce029632692","danang-3n5d-value-9e4c7b","부산출발 다낭 3박5일 가성비 패키지 93만원~ (2026)","archived","false","none","LOW","MERGE","4n6d-value","dup-605ad88c1c300979","0","10","0","0","clicks=0;impressions=0","template_skeleton_cluster","merge_into:4n6d-value"
"3a0f66a2-3fbe-411d-b57f-e13b24cd7122","cebu-3n5d-value-8522db","부산출발 세부 3박5일 가성비 패키지 48만원~ (2026)","archived","false","none","LOW","MERGE","4n6d-value","dup-605ad88c1c300979","0","10","0","0","clicks=0;impressions=0","template_skeleton_cluster","merge_into:4n6d-value"
"c4846746-02a8-4bab-8951-a2d3a645f97b","fukuoka-2n3d-value-9ee341","부산항 국제여객터미널출발 후쿠오카 2박3일 가성비 패키지 25만원~ (2026)","archived","false","none","LOW","REFRESH","","","0","8","0","0","clicks=0;impressions=0","unsupported_numbers","editorial_refresh_with_claim_and_image_evidence"
"c5b65940-832a-4449-8391-6b32e5f553c4","3n5d-value-ca8a7d","부산출발 보홀 3박5일 가성비 패키지 51만원~ (2026)","archived","false","none","LOW","MERGE","4n6d-value","dup-605ad88c1c300979","0","13","0","0","clicks=0;impressions=0","template_skeleton_cluster","merge_into:4n6d-value"
"404f9762-c01f-4106-883d-d1550ed1f70a","fukuoka-complete-guide","후쿠오카 여행 가이드 2026 | 예산 · 경비 · 비용 체크","published","true","none","LOW","MERGE","석가장-여행-완벽-가이드-관광지-일정-비용","dup-81b09b964ed52872","0","66","0","1","clicks=0;impressions=0","template_skeleton_cluster","merge_into:석가장-여행-완벽-가이드-관광지-일정-비용"
"4de377c8-3995-4cb5-9180-5935d69c76df","huangshan-complete-guide","황산 여행 가이드 2026 | 예산 · 경비 · 비용 체크","published","true","none","LOW","MERGE","석가장-여행-완벽-가이드-관광지-일정-비용","dup-81b09b964ed52872","0","34","0","0","clicks=0;impressions=0","template_skeleton_cluster","merge_into:석가장-여행-완벽-가이드-관광지-일정-비용"
"6f684720-5b18-43a9-816d-0d6b93dc112b","kuala-lumpur-singapore-malacca-complete-guide","쿠알라룸푸르 여행 가이드 2026 | 일정과 이동 동선 체크","published","true","none","LOW","REFRESH","","dup-51cc2ab7dbe96d9b","0","22","0","0","clicks=0;impressions=0","unsupported_numbers","editorial_refresh_with_claim_and_image_evidence"
"84620689-ce51-4914-874b-c345ac8c399c","danang-weather","다낭 여행 가이드 2026 | 월별 날씨 · 옷차림 체크","published","true","none","MEDIUM","REFRESH","","dup-5ea29f394d1757c5","0","3","0","0","clicks=0;impressions=0","unsupported_numbers","editorial_refresh_with_claim_and_image_evidence"
"1bed4f48-2dbd-4ac0-9823-2923c8fdb89c","busan-danang-shilla-monogram-package-cn","다낭 여행 가이드 2026 | 예산과 실제 비용 체크","published","true","none","LOW","MERGE","괌-가족여행-아이와-함께-즐길-수-있는-액티비티-추천-best-5","dup-f8350b173f4428cd","0","16","0","0","clicks=0;impressions=0","template_skeleton_cluster","merge_into:괌-가족여행-아이와-함께-즐길-수-있는-액티비티-추천-best-5"
"948a00fa-f835-4ea4-832c-9f58f1560897","나트랑-달랏-화폐-환전-팁-문화-총정리","나트랑 여행 가이드 2026 | 환전 · 결제 · 팁 체크","published","true","none","LOW","REFRESH","","dup-ee9edbdad1e4b990","0","6","0","0","clicks=0;impressions=0","unsupported_numbers","editorial_refresh_with_claim_and_image_evidence"
"4c66477b-46f6-43ee-b37f-5053ba0d3e4d","나가사키-여행-준비물-완벽-체크리스트","나가사키 여행 가이드 2026 | 비용 · 준비물 · 현지팁 체크","published","true","none","LOW","REFRESH","","dup-a01d96110a811b0f","0","4","0","1","clicks=0;impressions=0","unsupported_numbers","editorial_refresh_with_claim_and_image_evidence"
"c1ba3b8f-e8cb-4924-aad6-e24287a552f3","shijiazhuang-3n4d-value-bd0aa9","청주출발 석가장 3박4일 가성비 패키지 90만원~ (2026)","archived","false","none","LOW","REFRESH","","","0","14","0","0","clicks=0;impressions=0","unsupported_numbers","editorial_refresh_with_claim_and_image_evidence"
"949b894b-f4a6-4fd5-9c16-d07c4770a087","2n3d-value-a83711","부산출발 칭다오 2박3일 가성비 패키지 40만원~ (2026)","archived","false","none","LOW","MERGE","4n6d-value","dup-605ad88c1c300979","0","8","0","0","clicks=0;impressions=0","template_skeleton_cluster","merge_into:4n6d-value"
"fae57782-108a-4ce0-8c9f-bcf1bee65f6c","2n3d-value-55448b","부산출발 나가사키 2박3일 가성비 패키지 150만원~ (2026)","archived","false","none","LOW","MERGE","4n6d-value","dup-605ad88c1c300979","0","9","0","0","clicks=0;impressions=0","template_skeleton_cluster","merge_into:4n6d-value"
"1e3c1da0-d2fc-45fb-8bc3-b0726b716d6e","3n4d-value","부산출발 타이베이 3박4일 가성비 패키지 60만원~ (2026)","archived","false","none","LOW","MERGE","4n6d-value","dup-605ad88c1c300979","0","15","0","0","clicks=0;impressions=0","template_skeleton_cluster","merge_into:4n6d-value"
"1b65a556-f79f-413a-b01a-e577d70af16c","보홀-월별-날씨와-옷차림-가이드","보홀 월별 날씨와 옷차림 가이드 여행 준비 체크리스트와 비교 기준 2026","published","true","null","MEDIUM","REFRESH","","","0","0","0","0","clicks=0;impressions=0","image_quality","editorial_refresh_with_claim_and_image_evidence"
"3af7fa58-6f5c-4781-9960-fda89290e5c4","캐나다-로키산맥-7월-여행-렌터카-없이-대중교통으로-가능할까","캐나다 로키산맥 7월 여행 렌터카 없이 대중교통으로 가능할까 여행 준비 체크리스트와 비교 기준 2026","published","true","null","MEDIUM","REFRESH","","","0","6","0","0","clicks=0;impressions=0","unsupported_numbers","editorial_refresh_with_claim_and_image_evidence"
"27d0acd6-20c8-4f86-b5e8-dff8189524c4","괌-가족여행-아이와-함께-즐길-수-있는-액티비티-추천-best-5","괌 여행 가이드 2026 | 예산과 실제 비용 체크","published","true","none","LOW","REFRESH","","dup-f8350b173f4428cd","0","10","0","0","clicks=0;impressions=0","unsupported_numbers","editorial_refresh_with_claim_and_image_evidence"
"83fba7b0-462e-4eea-9f90-93005a36da4a","일본-포켓와이파이-vs-유심-vs-esim-나에게-맞는-선택은","일본 여행 가이드 2026 | 유심, eSIM, 로밍 선택 체크","published","true","none","LOW","REFRESH","","dup-6ebc0974b9be18a0","0","30","0","1","clicks=0;impressions=0","unsupported_numbers","editorial_refresh_with_claim_and_image_evidence"
"87028a98-9b3a-453d-a6d9-c2327fe368b8","미국-esta-비자-신청-방법과-거절-시-대처법-2026년-최신","미국 ESTA 비자 신청 방법과 거절 시 대처법 (2026년 최신)","published","false","changes_requested","HIGH","QUARANTINE","","","0","6","0","0","clicks=0;impressions=0","review_blocked","human_review_before_any_publication"
"68c1c7c9-d791-4471-99fc-6147b9ce7876","태국-입국-시-필요한-서류와-면세-한도-총정리-2026년-기준","태국 입국 시 필요한 서류와 면세 한도 정리 (2026년 기준)","published","false","changes_requested","HIGH","QUARANTINE","","dup-320fe2bcb5d1f129","0","5","0","1","clicks=0;impressions=0","review_blocked","human_review_before_any_publication"
"973a8ba3-6d66-4bc8-9fcb-d13dd88d0b79","여름방학-유럽-배낭여행-3주-경비-현실적으로-계산하기","유럽 배낭여행 경비 여행 가이드 2026 | 예산과 실제 비용 체크","published","true","none","LOW","REFRESH","","","0","35","0","3","clicks=0;impressions=0","unsupported_numbers","editorial_refresh_with_claim_and_image_evidence"
"1fac84e4-676e-4215-8cd8-3b03eeed618a","5월-황금연휴-해외여행-비행시간-짧은-동남아-휴양지-추천","5월 황금연휴 해외여행 여행 가이드 2026 | 예산과 실제 비용 체크","published","true","none","LOW","REFRESH","","","0","14","0","1","clicks=0;impressions=0","unsupported_numbers","editorial_refresh_with_claim_and_image_evidence"
"6db2c6b0-99c3-47b5-afd7-4c4afc447f6e","6월-유럽-여행-성수기-전-항공권-저렴하게-예약하는-팁","6월 유럽 여행 가이드 2026 | 예산과 실제 비용 체크","published","true","none","LOW","REFRESH","","","0","5","0","1","clicks=0;impressions=0","unsupported_numbers","editorial_refresh_with_claim_and_image_evidence"
"39fe7d28-522c-4c8a-8897-7989cee8d4a6","다낭-5월-날씨와-옷차림-우기-시작-전-쾌적한-여행-준비물","다낭 5월 날씨 옷차림 여행 준비물 체크리스트 — 추천","published","true","null","MEDIUM","REFRESH","","","0","0","0","0","clicks=0;impressions=0","image_quality","editorial_refresh_with_claim_and_image_evidence"
"625ef954-6424-4bb9-b97d-0c59b1fed59f","hohhot-complete-guide","호화호특 여행 가이드 2026 | 예산 · 경비 · 비용 체크","published","true","none","LOW","MERGE","석가장-여행-완벽-가이드-관광지-일정-비용","dup-81b09b964ed52872","0","38","0","1","clicks=0;impressions=0","template_skeleton_cluster","merge_into:석가장-여행-완벽-가이드-관광지-일정-비용"
"156c10d9-d341-4dc2-9b89-6f36dcb6db9b","danang-complete-guide","다낭 여행 가이드 2026 | 예산 · 경비 · 비용 체크","published","true","none","LOW","REFRESH","","dup-81b09b964ed52872","0","35","1","0","clicks=0;impressions=0","malformed_korean","editorial_refresh_with_claim_and_image_evidence"
"70674807-c912-4839-93a2-17ba214bbd78","cebu-complete-guide","세부 여행 가이드 2026 | 예산 · 경비 · 비용 체크","published","true","none","LOW","MERGE","석가장-여행-완벽-가이드-관광지-일정-비용","dup-81b09b964ed52872","0","32","0","0","clicks=0;impressions=0","template_skeleton_cluster","merge_into:석가장-여행-완벽-가이드-관광지-일정-비용"
"d30e5a99-0c61-41de-83da-6c34e7532110","석가장-여행-완벽-가이드-관광지-일정-비용","석가장 여행 가이드 2026 | 예산 · 경비 · 비용 체크","published","true","none","LOW","REFRESH","","dup-81b09b964ed52872","0","7","0","1","clicks=0;impressions=0","unsupported_numbers","editorial_refresh_with_claim_and_image_evidence"
"7978b0b0-ab6f-49cb-baed-2ea6baaccad5","danang-3n5d-luxury","부산출발 다낭 3박5일 럭셔리 패키지 95만원~ (2026)","archived","false","none","LOW","MERGE","4n5d-luxury","dup-ada071a924c79c4c","0","10","0","0","clicks=0;impressions=0","template_skeleton_cluster","merge_into:4n5d-luxury"
"0c5a59c1-2901-4ad3-adbc-963936864327","nhatrang-3n5d-luxury","부산출발 나트랑 3박5일 럭셔리 패키지 111만원~ (2026)","archived","false","none","LOW","MERGE","4n5d-luxury","dup-ada071a924c79c4c","0","6","0","0","clicks=0;impressions=0","template_skeleton_cluster","merge_into:4n5d-luxury"
"a72de526-7f7e-4244-90de-225da0a37fa2","huangshan-unlimited-golf-busan-cn","84만원대 황산 무제한 골프! 부산 출발 3박4일 노쇼핑 특가","archived","false","none","LOW","REFRESH","","","0","19","0","0","clicks=0;impressions=0","unsupported_numbers","editorial_refresh_with_claim_and_image_evidence"
"1546435b-5ec3-4cc7-a706-84a72f51de4a","4n6d-value","부산출발 보홀 4박6일 가성비 패키지 42만원~ (2026)","archived","false","none","LOW","REFRESH","","dup-605ad88c1c300979","0","3","0","0","clicks=0;impressions=0","unsupported_numbers","editorial_refresh_with_claim_and_image_evidence"
"0761cc90-4c63-43e1-a555-d4d80cd7e9db","4n5d-luxury-2","부산출발 호화호특 4박5일 럭셔리 패키지 120만원~ (2026)","archived","false","none","LOW","MERGE","4n5d-luxury","dup-ada071a924c79c4c","0","2","0","0","clicks=0;impressions=0","template_skeleton_cluster","merge_into:4n5d-luxury"
"353b1307-e775-40c2-9279-bcad071377f5","2n3d-value","부산출발 북해도 2박3일 가성비 패키지 46만원~ | 여소남 2026","archived","false","none","LOW","REFRESH","","","0","3","0","0","clicks=0;impressions=0","unsupported_numbers","editorial_refresh_with_claim_and_image_evidence"
"78f00829-d19e-4045-a0c6-c4c165197aee","danang-hoian-3n5d-value-5","부산출발 다낭/호이안 3박5일 가성비 패키지 73만원~ | 여소남 2026","archived","false","none","LOW","REFRESH","","dup-a0218be75c889f6f","0","4","0","0","clicks=0;impressions=0","unsupported_numbers","editorial_refresh_with_claim_and_image_evidence"
"1df619e0-1ece-495b-bb06-1fc5f0968e82","danang-hoian-3n5d-value-2","다낭/호이안 3박5일 가성비 여행 추천 | 2026 최신 가이드","draft","false","none","LOW","MERGE","danang-hoian-3n5d-value","dup-74113e08947f993f","0","4","0","0","clicks=0;impressions=0","exact_title_duplicate","merge_into:danang-hoian-3n5d-value"
"a83c0302-ce20-494d-86f3-f0ac4f9c4953","danang-hoian-3n5d-value-실속패키지-3","다낭/호이안 3박5일 실속 패키지 여행 | 2026 가이드","draft","false","none","LOW","REFRESH","","","0","3","0","0","clicks=0;impressions=0","unsupported_numbers","editorial_refresh_with_claim_and_image_evidence"
"714e9053-9cbd-4391-88de-6add623eb15d","danang-hoian-3n5d-value-노팁노옵션-2","다낭/호이안 3박5일 노팁 노옵션 여행 | 2026 가이드","draft","false","none","LOW","REFRESH","","","0","4","0","0","clicks=0;impressions=0","unsupported_numbers","editorial_refresh_with_claim_and_image_evidence"
"253ccb7d-1783-4643-bf3f-461ff7bafa27","manila-hotel-area","마닐라 숙소 위치별 예산 체크리스트와 비교 기준 2026","draft","false","pending_review","LOW","QUARANTINE","","dup-e13666a0641f7b2d","0","4","0","0","clicks=0;impressions=0","review_blocked","human_review_before_any_publication"
"ff71dbed-87ee-445c-accc-64c9e109aef8","osaka-transport-cost","오사카 공항 픽업 이동비 체크리스트와 비교 기준 2026","draft","false","pending_review","MEDIUM","QUARANTINE","","","0","4","0","0","clicks=0;impressions=0","review_blocked","human_review_before_any_publication"
"ea1737f8-01d1-4498-9d1b-dbb228b1c4ae","danang-hoian-3n5d-value-4","다낭/호이안 3박5일 가성비 여행 추천 | 2026 최신 가이드","draft","false","none","LOW","MERGE","danang-hoian-3n5d-value","dup-74113e08947f993f","0","5","0","0","clicks=0;impressions=0","exact_title_duplicate","merge_into:danang-hoian-3n5d-value"
"368f45ad-e5e6-4a5f-80dd-995267371daf","travel-tips","해외여행 보험 여행 가이드 2026 | 일정, 비용, 준비물 체크","draft","false","pending_review","HIGH","QUARANTINE","","","0","2","0","0","clicks=0;impressions=0","review_blocked","human_review_before_any_publication"
"356dce12-3a96-4d7d-84ed-1154d016a9e1","guam-kid-friendly","괌 아이와 가족여행 체크리스트와 비교 기준 2026","draft","false","pending_review","LOW","QUARANTINE","","","0","4","0","0","clicks=0;impressions=0","review_blocked","human_review_before_any_publication"
"0bed809a-bf5e-42e5-afab-dab902d1f3b0","danang-hoian-3n5d-value-cn","부산출발 다낭/호이안 3박5일 가성비 패키지 73만원~ | 여소남 2026","draft","false","none","LOW","MERGE","danang-hoian-3n5d-value-5","dup-a0218be75c889f6f","0","5","0","0","clicks=0;impressions=0","exact_title_duplicate","merge_into:danang-hoian-3n5d-value-5"
"a3a6df31-aa62-41f7-8599-f2a3d108bf91","다낭-5월-날씨-옷차림-여행-준비물-cn","다낭 5월 날씨 옷차림 여행 준비물 | 2026 여소남 가이드","draft","false","none","MEDIUM","REFRESH","","","0","0","0","0","clicks=0;impressions=0","image_quality","editorial_refresh_with_claim_and_image_evidence"
"9cdcda18-a37d-4737-bb89-5cf58c299ba6","visa-info","광복절 여행 가이드 2026 | 입국 조건과 준비 서류 체크","draft","false","pending_review","HIGH","QUARANTINE","","","0","2","0","0","clicks=0;impressions=0","review_blocked","human_review_before_any_publication"
"03684054-d0b0-4f26-82eb-6f5d179613d5","다낭호이안-value-4박5일","다낭/호이안 4박5일 가성비 여행 추천 | 2026 최신 가이드","draft","false","none","LOW","REFRESH","","dup-74113e08947f993f","0","8","0","0","clicks=0;impressions=0","unsupported_numbers","editorial_refresh_with_claim_and_image_evidence"
"5f0745e3-f405-474e-a276-7ec577bf01fc","danang-hoian-3n5d-value-3","다낭/호이안 3박5일 가성비 여행 추천 | 2026 최신 가이드","draft","false","none","LOW","MERGE","danang-hoian-3n5d-value","dup-74113e08947f993f","0","5","0","0","clicks=0;impressions=0","exact_title_duplicate","merge_into:danang-hoian-3n5d-value"
"cbcbd7b0-72dd-4957-9d25-0ff79b5f6f78","nhatrang-budget-family","나트랑 가족여행 예산 체크리스트와 비교 기준 2026","draft","false","pending_review","LOW","QUARANTINE","","","0","3","0","0","clicks=0;impressions=0","review_blocked","human_review_before_any_publication"
"4c5e0bf9-5dd9-49f5-9bf7-055c6a2d4e0c","sapporo-food-budget","삿포로 식비 예산 여행 준비 체크리스트와 비교 기준 2026","draft","false","pending_review","LOW","QUARANTINE","","","0","1","0","0","clicks=0;impressions=0","review_blocked","human_review_before_any_publication"
"bb41fc19-d08a-467e-9566-da5f7f5c2730","guangzhou-weather","광저우 월별 날씨와 옷차림 체크리스트와 비교 기준 2026","draft","false","pending_review","MEDIUM","QUARANTINE","","","0","5","0","0","clicks=0;impressions=0","review_blocked","human_review_before_any_publication"
"94875a99-ac77-423e-9d35-db2c66291f31","danang-hoian-3n5d-value-가성비-1","다낭/호이안 3박5일 가성비 여행 | 2026 가이드","draft","false","none","LOW","REFRESH","","","0","3","0","0","clicks=0;impressions=0","unsupported_numbers","editorial_refresh_with_claim_and_image_evidence"
"6cba8a0f-61ce-4d8f-b345-59f355209fc7","danang-airport","다낭 공항에서 시내 이동 방법 여행 준비 가이드 2026","draft","false","pending_review","MEDIUM","QUARANTINE","","","0","2","0","0","clicks=0;impressions=0","review_blocked","human_review_before_any_publication"
"994aca44-3611-41dc-b4b9-8b681791901a","미국-esta-비자-신청-방법과-거절-시-대처법-2026년-최신--review-26cb19d4a3e8","미국 입국 요건과 비자 여행 준비 체크리스트와 비교 기준 2026","draft","false","pending_review","HIGH","QUARANTINE","","","0","0","0","0","clicks=0;impressions=0","review_blocked","human_review_before_any_publication"
"21c2e1d0-f625-403c-99b2-08a4771601d6","hongkong-hotel-area","홍콩 숙소 위치별 예산 체크리스트와 비교 기준 2026","draft","false","pending_review","LOW","QUARANTINE","manila-hotel-area","dup-e13666a0641f7b2d","0","3","0","0","clicks=0;impressions=0","review_blocked","human_review_before_any_publication"
"5cade35f-72e2-4115-863f-a240d61f893e","4n5d-luxury","부산출발 호화호특 4박5일 럭셔리 패키지 105만원~ (2026)","draft","false","none","LOW","REFRESH","","dup-ada071a924c79c4c","0","2","0","0","clicks=0;impressions=0","unsupported_numbers","editorial_refresh_with_claim_and_image_evidence"
"1f355d26-19b6-451e-8e27-9338ff342fdc","bohol-hotel-area","보홀 숙소 지역별 예산 여행 가이드 2026 | 예산과 실제 비용 체크","draft","false","pending_review","LOW","QUARANTINE","bali-hotel-area","dup-8a143ab886f7feaf","0","2","0","0","clicks=0;impressions=0","review_blocked","human_review_before_any_publication"
"b767b6e4-8bab-4357-b608-6a34b2650821","singapore-budget-family","싱가포르 가족여행 예산 체크리스트와 비교 기준 2026","draft","false","pending_review","LOW","QUARANTINE","","","0","3","0","0","clicks=0;impressions=0","review_blocked","human_review_before_any_publication"
"739a25e0-a25f-4509-90c2-9f10a4ab9c22","hotel-hotel-area","대만 숙소 위치별 예산 체크리스트와 비교 기준 2026","draft","false","pending_review","LOW","QUARANTINE","manila-hotel-area","dup-e13666a0641f7b2d","0","4","0","0","clicks=0;impressions=0","review_blocked","human_review_before_any_publication"
"d20746b8-2ce0-41a0-ad1b-5b8f958501a3","danang-hoian-3n5d-value","다낭/호이안 3박5일 가성비 여행 추천 | 2026 최신 가이드","draft","false","none","LOW","REFRESH","","dup-74113e08947f993f","0","8","0","0","clicks=0;impressions=0","unsupported_numbers","editorial_refresh_with_claim_and_image_evidence"
