query,sample_rank,provider_rank,source,url,domain,title,fetch_status,http_status,heading_count,structure_signature,opening_strategy,body_characters,paragraph_count,list_count,table_count,image_count,author_present,reviewer_present,source_link_count,schema_types,internal_link_count,cta_types,error
다낭 여행,1,1,naver_blog,https://blog.naver.com/gam_log/224364200429,blog.naver.com,8월 베트남 다낭 여행 준비 중이라면?날씨 옷차림 필수 여행 준비물 ....,ok,200,0,,context_first,0,0,0,0,0,false,false,0,,0,,
다낭 여행,2,1,naver_web,https://www.expedia.co.kr/Da-Nang.d974.Travel,expedia.co.kr,"다낭 자유 여행 ! 항공권+호텔, 에어텔 예약은? ✈️🏨",fetch_blocked,429,0,,,,,,,,,,,,,,http_429
다낭 여행,3,2,naver_blog,https://blog.naver.com/likez2/224358614268,blog.naver.com,베트남 다낭 여행 가볼만한곳 미케비치 해산물 맛집 목식당 후기 + ....,ok,200,0,,context_first,0,0,0,0,0,false,false,0,,0,,
다낭 여행,4,2,naver_web,https://www.klook.com/ko/destination/c74-da-nang/,klook.com,다낭 - klook,fetch_blocked,403,0,,,,,,,,,,,,,,http_403
다낭 여행,5,3,naver_blog,https://blog.naver.com/altmchl95/224346004774,blog.naver.com,직장인 여름휴가! 8월 다낭 여행 준비 예산 총정리! 에어서울+떤프엉....,ok,200,0,,context_first,0,0,0,0,0,false,false,0,,0,,
다낭 여행,6,3,naver_web,https://kr.trip.com/travel-guide/destination/da-nang-669/,kr.trip.com,"다낭 자유 여행 가이드 2026년: 인기 명소, 맛집, 여행 코스 총정리 | 트립닷컴 | 20....",ok,200,5,H1>H2>H3>H3>H3,context_first,252,0,4,0,23,false,false,0,,23,related_content,
다낭 여행,7,4,naver_blog,https://blog.naver.com/maeeezii/224368252262,blog.naver.com,다낭 푸라마 리조트 풀빌라 후기|아이와 다낭여행 가족 리조트 추....,ok,200,0,,context_first,0,0,0,0,0,false,false,0,,0,,
다낭 여행,8,4,naver_web,https://www.expedia.co.kr/stories/12782-2/,expedia.co.kr,"다낭 가볼만한 곳 7, 핵심만 짚어주는 다낭 자유 여행 코스 - Expedia KR Stories",fetch_blocked,429,0,,,,,,,,,,,,,,http_429
다낭 여행,9,5,naver_blog,https://blog.naver.com/olinotebook/224365621744,blog.naver.com,베트남 다낭 여행 준비물 여행 용 샤워기 필터 추천 부드럽 후기,ok,200,0,,context_first,0,0,0,0,0,false,false,0,,0,,
다낭 여행,10,5,naver_web,https://www.expedia.co.kr/stories/12803-2/,expedia.co.kr,"다낭여행 코스 추천, 호이안 포함 다낭 3박4일 여행 코스 총정리 - Expedia KR Stories",fetch_blocked,429,0,,,,,,,,,,,,,,http_429
세부 여행,1,1,naver_blog,https://blog.naver.com/maeeezii/224348815680,blog.naver.com,"세부 샹그릴라 커넥팅룸 후기|아이와 함께 세부여행 추천, 가족여....",ok,200,0,,context_first,0,0,0,0,0,false,false,0,,0,,
세부 여행,2,1,naver_web,https://www.tripadvisor.co.kr/Tourism-g294261-Cebu_Island_Visayas-Vacations.html,tripadvisor.co.kr,2026년 필리핀 세부 여행 정보 - Tripadvisor - 세부 여행,fetch_blocked,403,0,,,,,,,,,,,,,,http_403
세부 여행,3,2,naver_blog,https://blog.naver.com/jnhuahua/224366602802,blog.naver.com,"세부여행 #3 :: 탐불리 씨사이드 에어비앤비, 탐불리 리조트 데이유....",ok,200,0,,context_first,0,0,0,0,0,false,false,0,,0,,
세부 여행,4,2,naver_web,https://kr.hotels.com/go/philippines/blog-cebu-resorts-best-5,kr.hotels.com,"세부 자유 여행 떠난다면, 세부 리조트 베스트 5 - 세부 리조트 추천 5 - Go Guides",fetch_blocked,,0,,,,,,,,,,,,,,The operation was aborted due to timeout
세부 여행,5,3,naver_blog,https://blog.naver.com/lsm656/224365665503,blog.naver.com,해외 여행 에어텔 추천! 패키지보다 자유로운 세부여행 이용 후기,ok,200,0,,context_first,0,0,0,0,0,false,false,0,,0,,
세부 여행,6,3,naver_web,https://kr.trip.com/travel-guide/destination/cebu-534/,kr.trip.com,"세부 자유 여행 가이드 2026년: 인기 명소, 맛집, 여행 코스 총정리 | 트립닷컴 | 20....",ok,200,5,H1>H2>H3>H3>H3,context_first,252,0,4,0,23,false,false,0,,23,related_content,
세부 여행,7,4,naver_blog,https://blog.naver.com/fromrei8/224318446098,blog.naver.com,필리핀 세부 여행 가볼만한곳 시라오가든 사진찍기좋은곳 후기,ok,200,0,,context_first,0,0,0,0,0,false,false,0,,0,,
세부 여행,8,4,naver_web,https://www.kkday.com/ko/city/cebu,kkday.com,세부 - KKday,fetch_blocked,403,0,,,,,,,,,,,,,,http_403
세부 여행,9,5,naver_blog,https://blog.naver.com/whity89/224348649804,blog.naver.com,아이와 세부여행 준비|숙소·호핑투어·공항픽업·eSIM 예약까지,ok,200,0,,context_first,0,0,0,0,0,false,false,0,,0,,
세부 여행,10,5,naver_web,https://www.booking.com/city/ph/cebu-city.ko.html,booking.com,"필리핀 세부 인기 호텔 10곳 | 최저 ₩31,348부터",ok,200,60,H1>H3>H3>H2>H3>H3>H3>H3>H3>H3>H3>H3>H3>H3>H2>H3>H3>H3>H3>H3>H3>H3>H3>H3>H3>H2>H3>H3>H3>H3>H3>H3>H3>H3>H3>H3>H2>H3>H3>H3>H3>H3>H3>H3>H3>H2>H3>H3>H3>H3>H3>H3>H3>H3>H2>H3>H3>H3>H3>H3,context_first,16320,47,3,3,67,true,false,6,,124,product_or_booking | related_content,
몽골 여행,1,1,naver_blog,https://blog.naver.com/zinizio/224369277211,blog.naver.com,몽골여행 선물 기념품 노민마트 쇼핑리스트 추천 골든 고비 초콜릿,ok,200,0,,context_first,0,0,0,0,0,false,false,0,,0,,
몽골 여행,2,1,naver_web,https://www.tripadvisor.co.kr/Tourism-g293955-Mongolia-Vacations.html,tripadvisor.co.kr,2026년 몽골 여행 정보 - Tripadvisor - 몽골 여행,fetch_blocked,403,0,,,,,,,,,,,,,,http_403
몽골 여행,3,2,naver_blog,https://blog.naver.com/kang_2022/224322671303,blog.naver.com,몽골 동행 구하기부터 준비물까지! 혼자 몽골 여행 팁,ok,200,0,,context_first,0,0,0,0,0,false,false,0,,0,,
몽골 여행,4,2,naver_web,https://brunch.co.kr/@skyscanner/325,brunch.co.kr,자연과 하나 되는 몽골 여행 지 추천 5곳,ok,200,1,H1,context_first,2418,21,1,0,11,false,false,20,,6,related_content,
몽골 여행,5,3,naver_blog,https://blog.naver.com/moomins95/224365946585,blog.naver.com,몽골 여행 울란바토르 공항 트래블월렛 공항 ATM 투그릭 인출,ok,200,0,,context_first,0,0,0,0,0,false,false,0,,0,,
몽골 여행,6,3,naver_web,https://www.skyscanner.co.kr/destinations/advice/all-about-mongolia,skyscanner.co.kr,"몽골 여행 준비 가이드: 필수 준비물, 여행 적기, 코스별 추천 여행 지 총정리",ok,200,0,,context_first,0,0,0,0,0,false,false,0,,0,,
몽골 여행,7,4,naver_blog,https://blog.naver.com/gmlqls0505/224368243101,blog.naver.com,"[ 몽골 여행 ] 쇼핑 리스트 추천, 현지인 추천템(국영 백화점, 마트, 테....",ok,200,0,,context_first,0,0,0,0,0,false,false,0,,0,,
몽골 여행,8,4,naver_web,https://kr.trip.com/travel-guide/destination/mongolia-20391/,kr.trip.com,"몽골 자유 여행 가이드 2026년: 인기 명소, 맛집, 여행 코스 총정리 | 트립닷컴 | 20....",ok,200,4,H1>H2>H3>H3,context_first,240,0,4,0,16,false,false,0,,22,,
몽골 여행,9,5,naver_blog,https://blog.naver.com/beatitudo91/224365981375,blog.naver.com,몽골 여행 홉스골 몽골 8월 날씨 옷차림 준비물,ok,200,0,,context_first,0,0,0,0,0,false,false,0,,0,,
몽골 여행,10,5,naver_web,https://terms.naver.com/entry.naver?docId=6506811&cid=67006&categoryId=69175,terms.naver.com,몽골 여행 기초 정보 - 몽골 여행,ok,200,22,H1>H2>H2>H3>H3>H3>H3>H3>H3>H3>H3>H3>H3>H3>H3>H3>H3>H3>H3>H3>H3>H3,context_first,3358,24,16,1,8,false,false,33,,117,consultation | related_content,
발리 여행,1,1,naver_blog,https://blog.naver.com/jennytrips/224308919085,blog.naver.com,"[ 발리여행 ] 6박 7일 자유 여행 일정 준비하기(길리, 꾸따, 사누르)",ok,200,0,,context_first,0,0,0,0,0,false,false,0,,0,,
발리 여행,2,1,naver_web,https://www.tripadvisor.co.kr/Tourism-g294226-Bali-Vacations.html,tripadvisor.co.kr,2026년 인도네시아 발리 여행 정보 - Tripadvisor - 발리 여행,fetch_blocked,403,0,,,,,,,,,,,,,,http_403
발리 여행,3,2,naver_blog,https://blog.naver.com/ehdwehdw1/224370054042,blog.naver.com,"인도네시아 발리 우붓 여행 코스, 자유 여행 가볼만한 곳, 투어 추천!",ok,200,0,,context_first,0,0,0,0,0,false,false,0,,0,,
발리 여행,4,2,naver_web,https://www.tripadvisor.co.kr/Tourism-g1162281-Bali_Pali_District_Rajasthan-Vacations.html,tripadvisor.co.kr,2026년 인도 발리 여행 정보 - Tripadvisor - 발리 여행,fetch_blocked,403,0,,,,,,,,,,,,,,http_403
발리 여행,5,3,naver_blog,https://blog.naver.com/eatgeorge/224363249027,blog.naver.com,"민폐 논란에 해명, 사위의 적극적인 권유가 있었다.. 딸 부부 발리 ....",ok,200,0,,context_first,0,0,0,0,0,false,false,0,,0,,
발리 여행,6,3,naver_web,https://kr.trip.com/travel-guide/destination/bali-438/,kr.trip.com,"발리 자유 여행 가이드 2026년: 인기 명소, 맛집, 여행 코스 총정리 | 트립닷컴 | 20....",ok,200,5,H1>H2>H3>H3>H3,context_first,252,0,4,0,23,false,false,0,,23,related_content,
발리 여행,7,4,naver_blog,https://blog.naver.com/ladynahnah/224306517626,blog.naver.com,발리 가성비 신혼 여행 : 9박10일 경비 310만 원 /우붓 빌리지 호텔 뽕뽑....,ok,200,0,,context_first,0,0,0,0,0,false,false,0,,0,,
발리 여행,8,4,naver_web,http://tour.interpark.com/freeya/Discovery/View.aspx?seq=10767,tour.interpark.com,[ 발리 명소 BEST 5] 안 가면 후회하는 인도네시아 발리 여행 지 5곳 / 인터파크투어....,ok,200,1,H3,context_first,358,1,4,1,40,false,false,20,,11,related_content,
발리 여행,9,5,naver_blog,https://blog.naver.com/bhimzy22/224315743557,blog.naver.com,"발리 여행 지역 특징 비교 추천(우붓, 짱구, 스미냑, 꾸따, 사누르, ....",ok,200,0,,context_first,0,0,0,0,0,false,false,0,,0,,
발리 여행,10,5,naver_web,https://www.expedia.co.kr/Bali.d602651.Travel,expedia.co.kr,"발리 자유 여행 ! 항공권+호텔, 에어텔 예약은? ✈️🏨",fetch_blocked,429,0,,,,,,,,,,,,,,http_429
다낭 가볼만한곳,1,1,naver_blog,https://blog.naver.com/youn_dh/224366020020,blog.naver.com,다낭 가볼만한곳 한시장 롱샴 쇼핑 미니백 가격,ok,200,0,,context_first,0,0,0,0,0,false,false,0,,0,,
다낭 가볼만한곳,2,1,naver_web,https://www.tripadvisor.co.kr/Attractions-g298085-Activities-Da_Nang.html,tripadvisor.co.kr,다낭 관광명소 BEST 10 - Tripadvisor,fetch_blocked,403,0,,,,,,,,,,,,,,http_403
다낭 가볼만한곳,3,2,naver_blog,https://blog.naver.com/likez2/224358614268,blog.naver.com,베트남 다낭 여행 가볼만한곳 미케비치 해산물 맛집 목식당 후기 + ....,ok,200,0,,context_first,0,0,0,0,0,false,false,0,,0,,
다낭 가볼만한곳,4,2,naver_web,https://www.expedia.co.kr/stories/12782-2/,expedia.co.kr,"다낭 가볼만한 곳 7, 핵심만 짚어주는 다낭 자유여행 코스 - Expedia KR Stories",fetch_blocked,429,0,,,,,,,,,,,,,,http_429
다낭 가볼만한곳,5,3,naver_blog,https://blog.naver.com/messier1212/224363524942,blog.naver.com,베트남 다낭 여행 가볼만한곳 호이안 : 야시장 소원배 에어컨 카페,ok,200,0,,context_first,0,0,0,0,0,false,false,0,,0,,
다낭 가볼만한곳,6,3,naver_web,https://brunch.co.kr/@skyscanner/593,brunch.co.kr,"다낭 가볼 만한 곳 , 3박4일 일정 경비 총정리",ok,200,18,H1>H2>H2>H3>H3>H3>H3>H2>H3>H3>H3>H2>H3>H3>H3>H2>H3>H2,context_first,4212,23,1,0,18,true,false,16,,6,product_or_booking | related_content,
다낭 가볼만한곳,7,4,naver_blog,https://blog.naver.com/wnswkd777/224369256097,blog.naver.com,베트남 다낭 여행 코스 가볼만한곳 3박 5일 일정 추천,ok,200,0,,context_first,0,0,0,0,0,false,false,0,,0,,
다낭 가볼만한곳,8,4,naver_web,https://www.expedia.co.kr/stories/12803-2/,expedia.co.kr,"다낭 여행코스 추천, 호이안 포함 다낭 3박4일 여행 코스 총정리 - Expedia KR Stories",fetch_blocked,429,0,,,,,,,,,,,,,,http_429
다낭 가볼만한곳,9,5,naver_blog,https://blog.naver.com/wooguri_/224364886427,blog.naver.com,베트남 다낭 날씨 8월 9월 여행코스 가볼만한곳 준비물 옷차림,ok,200,0,,context_first,0,0,0,0,0,false,false,0,,0,,
다낭 가볼만한곳,10,5,naver_web,https://vietnamguide.co.kr/city/danang/attractions/,vietnamguide.co.kr,다낭 가볼만한 곳 위치 및 이동 정보,ok,200,0,,context_first,1235,65,1,0,0,false,false,0,,0,,
세부 호텔 추천,1,1,naver_blog,https://blog.naver.com/rumzoo/224373887553,blog.naver.com,필리핀 세부 제이파크 리조트 가족여행 세부 호텔 추천 수영장 워터....,ok,200,0,,context_first,0,0,0,0,0,false,false,0,,0,,
세부 호텔 추천,2,1,naver_web,https://www.agoda.com/ko-kr/city/cebu-ph.html,agoda.com,2026 세부 호텔 추천 - 아고다,ok,200,0,,context_first,0,0,0,0,0,false,false,0,,0,,
세부 호텔 추천,3,2,naver_blog,https://blog.naver.com/karen620/224339473463,blog.naver.com,세부 0.5박 호텔 숙소 추천 사보이 호텔 막탄 (뉴타운비치 무료),ok,200,0,,context_first,0,0,0,0,0,false,false,0,,0,,
세부 호텔 추천,4,2,naver_web,https://www.expedia.co.kr/Cebu-City-Hotels.d800.Travel-Guide-Hotels,expedia.co.kr,"세부 시티 인기 호텔 과 숙소 추천 및 특가 예약, 시작가: ₩24,608 - 전액 환불 가....",fetch_blocked,429,0,,,,,,,,,,,,,,http_429
세부 호텔 추천,5,3,naver_blog,https://blog.naver.com/uni7741/224365710262,blog.naver.com,세부 샹그릴라 리조트 막탄 고급 세부 호텔 숙소 추천,ok,200,0,,context_first,0,0,0,0,0,false,false,0,,0,,
세부 호텔 추천,6,3,naver_web,https://www.skyscanner.co.kr/hotels/philippines/cebu-hotels/ci-38679349,skyscanner.co.kr,세부 최저가 호텔 및 숙소 간편예약,ok,200,0,,context_first,0,0,0,0,0,false,false,0,,0,,
세부 호텔 추천,7,4,naver_blog,https://blog.naver.com/rlaalsgml357/224357800106,blog.naver.com,세부 숙소 위치 추천 시티 중심으로 편리하고 가성비 좋은 세부 퀘....,ok,200,0,,context_first,0,0,0,0,0,false,false,0,,0,,
세부 호텔 추천,8,4,naver_web,https://kr.hotels.com/go/philippines/blog-cebu-with-kids-hotels-best-5,kr.hotels.com,"아이랑 세부 여행에 좋은, 세부 호텔 베스트 5 - 세부 가족여행 호텔 추천 5곳 - Go....",fetch_blocked,,0,,,,,,,,,,,,,,The operation was aborted due to timeout
세부 호텔 추천,9,5,naver_blog,https://blog.naver.com/sx0077/224367485416,blog.naver.com,세부 누스타 호텔 NUSTAR Hotel Cebu,ok,200,0,,context_first,0,0,0,0,0,false,false,0,,0,,
세부 호텔 추천,10,5,naver_web,https://www.agoda.com/ko-kr/cebu-city/maps/cebu-ph.html,agoda.com,세부 시티 호텔 추천 - 놓치면 후회할 숙소,ok,200,0,,context_first,0,0,0,0,0,false,false,0,,0,,
다낭 호텔 추천,1,1,naver_blog,https://blog.naver.com/likez2/224360697257,blog.naver.com,"베트남 다낭 호텔 숙소 추천 , 미카즈키 리조트 조식 온천 워터파크 ....",ok,200,0,,context_first,0,0,0,0,0,false,false,0,,0,,
다낭 호텔 추천,2,1,naver_web,https://www.expedia.co.kr/Da-Nang-Hotels.d974.Travel-Guide-Hotels,expedia.co.kr,"다낭 인기 호텔 과 숙소 추천 및 특가 예약, 시작가: ₩26,459 - 전액 환불 가능 옵....",fetch_blocked,429,0,,,,,,,,,,,,,,http_429
다낭 호텔 추천,3,2,naver_blog,https://blog.naver.com/rumzoo/224343329581,blog.naver.com,다낭 숙소 미케비치 살라 다낭 비치 호텔 추천 가성비 수영장 조식,ok,200,0,,context_first,0,0,0,0,0,false,false,0,,0,,
다낭 호텔 추천,4,2,naver_web,https://www.skyscanner.co.kr/hotels/vietnam/da-nang-hotels/ci-27540669,skyscanner.co.kr,다낭 최저가 호텔 및 숙소 간편예약,ok,200,0,,context_first,0,0,0,0,0,false,false,0,,0,,
다낭 호텔 추천,5,3,naver_blog,https://blog.naver.com/yui017/224338482006,blog.naver.com,다낭 호텔 센터포인트 다낭 가성비 6인 가족여행 숙소 추천,ok,200,0,,context_first,0,0,0,0,0,false,false,0,,0,,
다낭 호텔 추천,6,3,naver_web,https://kr.trip.com/hotels/da-nang-hotels-list-1356/,kr.trip.com,"다낭 호텔 추천 , 인기 다낭 숙소 예약",ok,200,60,H2>H3>H2>H3>H3>H3>H3>H3>H3>H3>H3>H3>H2>H3>H3>H3>H3>H3>H3>H3>H3>H3>H3>H3>H3>H3>H3>H3>H3>H2>H3>H3>H3>H3>H3>H3>H3>H3>H3>H2>H3>H3>H3>H3>H3>H3>H3>H3>H3>H2>H2>H3>H3>H2>H2>H3>H3>H3>H3>H3,context_first,11762,79,8,1,44,false,false,0,,149,product_or_booking | consultation | related_content,
다낭 호텔 추천,7,4,naver_blog,https://blog.naver.com/kmint515/224334466660,blog.naver.com,다낭 호텔 윙크 호텔 0.5박 24시간 스테이 조식 가성비 숙소 추천,ok,200,0,,context_first,0,0,0,0,0,false,false,0,,0,,
다낭 호텔 추천,8,4,naver_web,https://kr.hotels.com/go/vietnam/blog-danang-cost-effectiveness-hotels-best-5,kr.hotels.com,"깔끔한 시설을 자랑하는, 다낭 가성비 호텔 베스트 5 - 다낭 가성비 좋은 호텔 ....",fetch_blocked,,0,,,,,,,,,,,,,,The operation was aborted due to timeout
다낭 호텔 추천,9,5,naver_blog,https://blog.naver.com/huuri09/224371275206,blog.naver.com,"다낭 르 샌즈 오션프론트 호텔 후기|미케 비치 앞 오션뷰 숙소, 인....",ok,200,0,,context_first,0,0,0,0,0,false,false,0,,0,,
다낭 호텔 추천,10,5,naver_web,https://www.hotelscombined.co.kr/Place/Da_Nang.htm,hotelscombined.co.kr,"베트남 다낭 의 호텔 : 베트남 다낭 의 최저가 호텔 상품 3,916개",ok,200,2,H3>H3,context_first,733,6,0,0,0,false,false,0,,0,,
보홀 신혼여행,1,1,naver_blog,https://blog.naver.com/kotaplay/224371665664,blog.naver.com,"보홀 신혼여행 , 호핑 투어 후 스파로 이어지는 힐링 코스 실제 후기....",ok,200,0,,context_first,0,0,0,0,0,false,false,0,,0,,
보홀 신혼여행,2,1,naver_web,https://www.tripadvisor.co.kr/HotelsList-Bohol_Province-zfp23206793.html,tripadvisor.co.kr,보홀 신혼 부부용 스위트룸이 있는 호텔 추천,fetch_blocked,403,0,,,,,,,,,,,,,,http_403
보홀 신혼여행,3,2,naver_blog,https://blog.naver.com/punytraveler/224371944117,blog.naver.com,보홀 리조트 추천 신혼여행 숙소 아마렐라 리조트 프라이빗 비치 디....,ok,200,0,,context_first,0,0,0,0,0,false,false,0,,0,,
보홀 신혼여행,4,2,naver_web,https://www.kumc.or.kr/seasonPress/KUMM_vol24/kumm47.jsp,kumc.or.kr,청정자연에서 즐기는 아찔한 액티비티,ok,200,5,H2>H3>H3>H3>H3,context_first,7519,22,1,0,13,false,false,0,,0,,
보홀 신혼여행,5,3,naver_blog,https://blog.naver.com/rhcnsmsapdnj/224327770625,blog.naver.com,보홀 신혼여행 총 비용 공개 6박 7일 실제 경비는 얼마 들었을까?,ok,200,0,,context_first,0,0,0,0,0,false,false,0,,0,,
보홀 신혼여행,6,3,naver_web,https://dayoff.co.kr/whatsinmytrip/%EB%B3%B4%ED%99%80-%EC%8B%A0%ED%98%BC%EC%97%AC%ED%96%89%EC%9D%84-%EC%9C%84%ED%95%9C-%EC%B2%9C%EA%B5%AD-%EA%B0%99%EC%9D%80-%EB%B3%B4%ED%99%80-%EB%A6%AC%EC%A1%B0%ED%8A%B8-top-5/,dayoff.co.kr,보홀 신혼여행 을 위한 천국 같은 보홀 리조트 TOP 5,ok,200,10,H1>H2>H3>H3>H3>H3>H3>H2>H3>H3,context_first,3493,32,0,0,26,true,false,16,,6,product_or_booking | related_content,
보홀 신혼여행,7,4,naver_blog,https://blog.naver.com/sunny-ji/224367770495,blog.naver.com,신혼여행 지 추천 필리핀 보홀 투어 최대 30% 타임세일!,ok,200,0,,context_first,0,0,0,0,0,false,false,0,,0,,
보홀 신혼여행,8,4,naver_web,http://www.startour.pe.kr/event_honey/honeymoon/hSEBU6D_direct-ESKAYA%20RESORT.htm,startour.pe.kr,세부 ∥ 보홀 6일 신혼여행 - 에스까야 빌라형 리조트,ok,200,0,,context_first,8299,266,0,29,15,false,false,1,,1,,
보홀 신혼여행,9,5,naver_blog,https://blog.naver.com/zzinaze1220/224310462902,blog.naver.com,신혼여행 은 무조건 보홀 나팔링정어리떼 투어로 [물공포증 극복 / ....,ok,200,0,,context_first,0,0,0,0,0,false,false,0,,0,,
보홀 신혼여행,10,5,naver_web,https://salamatboracay.com/bohol-honeymoon/,salamatboracay.com,보홀 신혼여행 - 살라맛트래블,ok,200,10,H1>H2>H2>H2>H2>H2>H2>H2>H2>H3,context_first,3992,36,1,0,7,true,false,1,,10,consultation,
나트랑 여행,1,1,naver_blog,https://blog.naver.com/dlgksk4419/224363710050,blog.naver.com,"나트랑 입국신고서 확정, 건강신고서는 시행 안함 (8월 나트랑 여행 ....",ok,200,0,,context_first,0,0,0,0,0,false,false,0,,0,,
나트랑 여행,2,1,naver_web,https://www.expedia.co.kr/stories/16208-2/,expedia.co.kr,"나트랑 자유 여행 , 날씨부터 항공권, 3박4일 가볼만한곳까지!(+호텔 추천) - Expedia ....",fetch_blocked,429,0,,,,,,,,,,,,,,http_429
나트랑 여행,3,2,naver_blog,https://blog.naver.com/dazzle_pink/224363137834,blog.naver.com,나트랑 에서 3박 5일 2인 자유 여행 ♀️ 천국도 같던 혼땀섬,ok,200,0,,context_first,0,0,0,0,0,false,false,0,,0,,
나트랑 여행,4,2,naver_web,https://www.expedia.co.kr/Nha-Trang.d6054439.Travel,expedia.co.kr,"나트랑 자유 여행 ! 항공권+호텔, 에어텔 예약은? ✈️🏨",fetch_blocked,429,0,,,,,,,,,,,,,,http_429
나트랑 여행,5,3,naver_blog,https://blog.naver.com/notgarim/224315649722,blog.naver.com,"[베트남 여행 ] 베트남무이네를 여행 하는 또 다른 방법, 나트랑 무이....",ok,200,0,,context_first,0,0,0,0,0,false,false,0,,0,,
나트랑 여행,6,3,naver_web,https://brunch.co.kr/@hotelscomkr/1060,brunch.co.kr,"나트랑 자유 여행 일정, 필수 여행 코스 + 숙소까지!",ok,200,12,H1>H1>H1>H1>H1>H1>H1>H1>H1>H3>H3>H3,context_first,3553,16,1,0,11,false,false,2,,8,related_content,
나트랑 여행,7,4,naver_blog,https://blog.naver.com/danharutravel/224344197432,blog.naver.com,나트랑 7월 8월 날씨 옷차림 여름 휴가 여행 준비물,ok,200,0,,context_first,0,0,0,0,0,false,false,0,,0,,
나트랑 여행,8,4,naver_web,https://kr.trip.com/travel-guide/destination/nha-trang-670/,kr.trip.com,"나트랑 자유 여행 가이드 2026년: 인기 명소, 맛집, 여행 코스 총정리 | 트립닷컴 |....",ok,200,5,H1>H2>H3>H3>H3,context_first,256,0,4,0,23,false,false,0,,23,related_content,
나트랑 여행,9,5,naver_blog,https://blog.naver.com/runtoyou808/224346590088,blog.naver.com,"베트남 나트랑 원숭이섬 투어 소지품 주의사항, 안전하게 다녀온 여....",ok,200,0,,context_first,0,0,0,0,0,false,false,0,,0,,
나트랑 여행,10,5,naver_web,https://www.klook.com/ko/destination/c208-nha-trang/,klook.com,나트랑 - klook,fetch_blocked,403,0,,,,,,,,,,,,,,http_403
보라카이 가볼만한곳,1,1,naver_blog,https://blog.naver.com/mnsla/224369275456,blog.naver.com,필리핀 보라카이 가볼만한곳 자유여행 4박5일 일정 코스,ok,200,0,,context_first,0,0,0,0,0,false,false,0,,0,,
보라카이 가볼만한곳,2,1,naver_web,https://in.naver.com/artqueen/topic/847272292542176,in.naver.com,보라카이 가볼만한곳,ok,200,2,H1>H2,context_first,1758,4,3,0,43,false,false,1,,40,related_content,
보라카이 가볼만한곳,3,2,naver_blog,https://blog.naver.com/wltn3292/224319240593,blog.naver.com,필리핀 보라카이 여행 4박5일 경비 물가 가볼만한곳 솔직 후기,ok,200,0,,context_first,0,0,0,0,0,false,false,0,,0,,
보라카이 가볼만한곳,4,2,naver_web,https://in.naver.com/kkaengji/topic/870935576684512,in.naver.com,필리핀 보라카이 가볼만한곳 여행 코스 추천,ok,200,2,H1>H2,context_first,2630,6,3,0,66,false,false,1,,44,related_content,
보라카이 가볼만한곳,5,3,naver_blog,https://blog.naver.com/sskorphiltv/224323454270,blog.naver.com,필리핀 보라카이 여행 가볼 만한 곳 핫플 추천: 화이트비치 및 핵심 ....,ok,200,0,,context_first,0,0,0,0,0,false,false,0,,0,,
보라카이 가볼만한곳,6,3,naver_web,https://in.naver.com/fanta/topic/856999130756640,in.naver.com,필리핀 보라카이 여행 가볼만한곳 정리,ok,200,2,H1>H2,context_first,1700,4,3,0,44,false,false,1,,41,related_content,
보라카이 가볼만한곳,7,4,naver_blog,https://blog.naver.com/lsm656/224371503367,blog.naver.com,보라카이 우기 건기 총정리 - 여행가기 좋은 시기 몇 월일까? 8월부....,ok,200,0,,context_first,0,0,0,0,0,false,false,0,,0,,
보라카이 가볼만한곳,8,4,naver_web,https://www.tripstore.kr/blog/%EB%B3%B4%EB%9D%BC%EC%B9%B4%EC%9D%B4-%EA%B0%80%EB%B3%BC%EB%A7%8C%ED%95%9C%EA%B3%B3-%EC%95%84%EC%9D%B4-%EB%8F%99%EB%B0%98-4%EB%B0%95-5%EC%9D%BC-%EC%97%AC%EC%9C%A0%EB%A1%9C%EC%9A%B4-%EC%BD%94%EC%8A%A4,tripstore.kr,보라카이 가볼만한곳 아이 동반 4박 5일 여유로운 코스 | 트립스토어 블로그,ok,200,13,H2>H2>H3>H2>H3>H2>H3>H2>H3>H2>H3>H3>H2,answer_or_question_first,3119,21,4,1,5,false,false,0,,4,product_or_booking,
보라카이 가볼만한곳,9,5,naver_blog,https://blog.naver.com/gkgk319/224370391662,blog.naver.com,"보라카이 가볼만한곳 샤인 뮤지엄 인생샷 미디어아트, 야시장 불쇼",ok,200,0,,context_first,0,0,0,0,0,false,false,0,,0,,
보라카이 가볼만한곳,10,5,naver_web,https://in.naver.com/yase90/topic/694531330838208,in.naver.com,"필리핀 보라카이 가볼만한곳 (마사지, 기념품샵, 카페, 디저트)",ok,200,2,H1>H2,context_first,1772,4,3,0,44,false,false,1,,41,related_content,
다낭 여행 비용,1,1,naver_blog,https://blog.naver.com/kyjin1126/224348584820,blog.naver.com,"베트남 다낭 패키지 여행 3박5일 코스 여행 경비, 자유 여행 처럼 즐긴 ....",ok,200,0,,context_first,0,0,0,0,0,false,false,0,,0,,
다낭 여행 비용,2,1,naver_web,https://namu.wiki/w/%EB%8B%A4%EB%82%AD%EC%8B%9C,namu.wiki,다낭 시 - 나무위키,ok,200,12,H1>H2>H2>H2>H2>H2>H2>H3>H2>H2>H3>H3,context_first,15778,2,7,28,98,false,false,25,,433,product_or_booking | consultation,
다낭 여행 비용,3,2,naver_blog,https://blog.naver.com/purple_rachel/224290495259,blog.naver.com,다낭 가족 여행 비용 얼마나 들까? 7세·9세·12세 아이 셋과 다녀온 5....,ok,200,0,,context_first,0,0,0,0,0,false,false,0,,0,,
다낭 여행 비용,4,2,naver_web,https://kr.trip.com/guide/theme/%EB%8B%A4%EB%82%AD+%EC%97%AC%ED%96%89+%EA%B2%BD%EB%B9%84.html,kr.trip.com,다낭 여행 경비 얼마나 들까요? 여행 스타일별 현실 비용 체크 해보기,ok,200,16,H1>H2>H2>H3>H3>H3>H3>H2>H3>H2>H2>H3>H3>H3>H3>H3,context_first,8789,54,6,1,96,true,false,0,,163,product_or_booking | consultation,
다낭 여행 비용,5,3,naver_blog,https://blog.naver.com/ycdy80/224361349580,blog.naver.com,베트남 다낭여행 여행 경비 물가 3박5일 가족 여행 코스 가볼만한곳,ok,200,0,,context_first,0,0,0,0,0,false,false,0,,0,,
다낭 여행 비용,6,3,naver_web,http://www.bubble-friends.com/128,bubble-friends.com,꽃보다 다낭 여행,ok,200,0,,context_first,296,0,0,1,1,false,false,1,,0,consultation,
다낭 여행 비용,7,4,naver_blog,https://blog.naver.com/trip-mom/224361034909,blog.naver.com,다낭 패키지 3박4일 가격 자유 여행 비용 비교 대가족 7인 총정리,ok,200,0,,context_first,0,0,0,0,0,false,false,0,,0,,
다낭 여행 비용,8,4,naver_web,https://hikersbay.com/travel-cost/vietnam/danang?lang=ko,hikersbay.com,"2026 년 다낭 , 베트남 여행 비용 과 하루 예산 - 호텔, 식비, 현지 교통과 관광지 ....",fetch_blocked,403,0,,,,,,,,,,,,,,http_403
다낭 여행 비용,9,5,naver_blog,https://blog.naver.com/miiintto/224355991461,blog.naver.com,엄마랑 다낭 4박6일 2일차 | 호이안 당일치기 실패 요인과 솔직후기 (....,ok,200,0,,context_first,0,0,0,0,0,false,false,0,,0,,
다낭 여행 비용,10,5,naver_web,https://trippick.co/destinations/da-nang-vn/cost/,trippick.co,다낭 여행 비용 가이드 2026 — 절약·일반·럭셔리 예산,ok,200,28,H1>H2>H2>H2>H2>H2>H2>H3>H3>H2>H2>H2>H2>H2>H2>H2>H2>H2>H3>H3>H3>H3>H3>H3>H3>H3>H2>H2,context_first,7155,50,4,1,1,false,false,0,,7,,
다낭 4박5일 여행 코스,1,1,naver_blog,https://blog.naver.com/wkwmd81/224365624246,blog.naver.com,다낭 여행 코스 4박 5일 다낭 가볼만한곳 추천,ok,200,0,,context_first,0,0,0,0,0,false,false,0,,0,,
다낭 4박5일 여행 코스,2,1,naver_web,https://kr.trip.com/moments/detail/da-nang-669-137686908/,kr.trip.com,다낭 4박 5일 여행 코스 | 트립닷컴 다낭,ok,200,1,H1,context_first,1147,0,0,0,0,false,false,0,,0,,
다낭 4박5일 여행 코스,3,2,naver_blog,https://njobertraveler.tistory.com/167,njobertraveler.tistory.com,다낭 우기와 건기 언제 가야 할까? 요즘 다낭 여행 괜찮을까 총정리,ok,200,17,H1>H1>H2>H2>H2>H2>H2>H2>H2>H2>H2>H3>H3>H3>H3>H2>H2,answer_or_question_first,7153,65,3,4,13,false,false,0,,44,product_or_booking,
다낭 4박5일 여행 코스,4,2,naver_web,https://triple.guide/articles/ca38ef83-8393-4ff2-b9ef-144ae2ef6bc1,triple.guide,"다낭 집중, 3박 5일 추천 코스 - 나를 아는 여행 앱, 트리플",ok,200,1,H1,context_first,1831,5,0,0,32,false,false,0,,2,,
다낭 4박5일 여행 코스,5,3,naver_blog,https://blog.naver.com/ljcjaechun/224365167362,blog.naver.com,"[ 다낭 가족 여행 ] 4박 5일 전체 일정 총정리 (신라 모노그램, 호이안, ....",ok,200,0,,context_first,0,0,0,0,0,false,false,0,,0,,
다낭 4박5일 여행 코스,6,3,naver_web,https://vinpearl.com/ko/%EB%8B%A4%EB%82%AD-%EC%97%AC%ED%96%89%EC%BD%94%EC%8A%A4-da-nang,vinpearl.com,다낭 여행 코스 에 생각하고 있다면 꼭 알아봐야 할 것들,fetch_blocked,403,0,,,,,,,,,,,,,,http_403
다낭 4박5일 여행 코스,7,4,naver_blog,https://blog.naver.com/byome_/224363740082,blog.naver.com,다낭 호이안 4박5일 여행 | 날씨·옷차림 및 경비·일정·준비물 체크....,ok,200,0,,context_first,0,0,0,0,0,false,false,0,,0,,
다낭 4박5일 여행 코스,8,4,naver_web,https://in.naver.com/jinis/topic/703766257156192,in.naver.com,베트남 다낭 여행 4박5일 일정 코스 가볼만한곳 소개,ok,200,2,H1>H2,context_first,2323,6,3,0,66,false,false,1,,45,product_or_booking | related_content,
다낭 4박5일 여행 코스,9,5,naver_blog,https://blog.naver.com/sunset_ram/224351705957,blog.naver.com,베트남 다낭 호이안 자유 여행 3박 5일 총정리! 3인 일정·경비 공유,ok,200,0,,context_first,0,0,0,0,0,false,false,0,,0,,
다낭 4박5일 여행 코스,10,5,naver_web,https://pandarank.net/contents/699f9c383a9b0f0844f1c44e,pandarank.net,다낭 여행 4박5일 필수 코스 핫한 이유 총정리,ok,200,2,H1>H3,context_first,3054,8,0,0,32,false,false,0,,69,product_or_booking | related_content,
다낭 10월 날씨,1,1,naver_blog,https://blog.naver.com/ssumch/224366659095,blog.naver.com,베트남 나트랑 9월 10월 날씨 완벽비교 준비물 옷차림,ok,200,0,,context_first,0,0,0,0,0,false,false,0,,0,,
다낭 10월 날씨,2,1,naver_web,https://www.accuweather.com/ko/vn/da-nang/352954/month/352954,accuweather.com,"다낭 , 다낭 , 베트남 월별 날씨",fetch_blocked,403,0,,,,,,,,,,,,,,http_403
다낭 10월 날씨,3,2,naver_blog,https://blog.naver.com/xiaozhen123/224345437813,blog.naver.com,다낭 여행 9~ 10월 에 가면 낭패본다? 다낭 태풍과 다낭 날씨 총정리,ok,200,0,,context_first,0,0,0,0,0,false,false,0,,0,,
다낭 10월 날씨,4,2,naver_web,https://kr.trip.com/guide/info/%EB%8B%A4%EB%82%AD+%EB%82%A0%EC%94%A8.html,kr.trip.com,다낭 날씨 총 정리! 다낭 가기 전 꼭 알아야 할 날씨 정보,ok,200,20,H1>H2>H2>H2>H3>H2>H3>H2>H3>H2>H2>H3>H3>H3>H2>H3>H3>H3>H3>H3,context_first,9620,30,6,0,81,true,false,0,,148,product_or_booking | consultation,
다낭 10월 날씨,5,3,naver_blog,https://blog.naver.com/qhals3461/224366034561,blog.naver.com,베트남 다낭 날씨 8월 9월 10월 여행 옷차림 코디 추천 여름 가을 우....,ok,200,0,,context_first,0,0,0,0,0,false,false,0,,0,,
다낭 10월 날씨,6,3,naver_web,https://hikersbay.com/climate/october/vietnam/danang?lang=ko,hikersbay.com,다낭 에서 10월 의 날씨 2026,fetch_blocked,403,0,,,,,,,,,,,,,,http_403
다낭 10월 날씨,7,4,naver_blog,https://blog.naver.com/kshinae990/224362290868,blog.naver.com,베트남 다낭 10월 11월 12월 날씨 우기 여행 대비법,ok,200,0,,context_first,0,0,0,0,0,false,false,0,,0,,
다낭 10월 날씨,8,4,naver_web,https://wxwhere.com/weather/da-nang/10,wxwhere.com,다낭 10월 날씨 달력 비교,ok,200,10,H1>H3>H2>H2>H3>H3>H3>H3>H3>H2,context_first,1578,9,0,0,0,false,false,1,,29,,
다낭 10월 날씨,9,5,naver_blog,https://blog.naver.com/seamewe/224355710894,blog.naver.com,"10월 해외여행 추천, 나라별 날씨 로 고르기",ok,200,0,,context_first,0,0,0,0,0,false,false,0,,0,,
다낭 10월 날씨,10,5,naver_web,https://in.naver.com/hongda/topic/932712843745536,in.naver.com,다낭 여행 언제 갈까? 다낭 우기와 날씨 준비물 체크리스트,ok,200,2,H1>H2,context_first,1758,4,3,0,43,false,false,1,,41,related_content,
다낭 10월 우기,1,1,naver_blog,https://blog.naver.com/ssumch/224366659095,blog.naver.com,베트남 나트랑 9월 10월 날씨 완벽비교 준비물 옷차림,ok,200,0,,context_first,0,0,0,0,0,false,false,0,,0,,
다낭 10월 우기,2,1,naver_web,https://kr.trip.com/guide/info/%EB%8B%A4%EB%82%AD+%EB%82%A0%EC%94%A8.html,kr.trip.com,다낭 날씨 총 정리! 다낭 가기 전 꼭 알아야 할 날씨 정보,ok,200,20,H1>H2>H2>H2>H3>H2>H3>H2>H3>H2>H2>H3>H3>H3>H2>H3>H3>H3>H3>H3,context_first,9643,30,6,0,81,true,false,0,,148,product_or_booking | consultation,
다낭 10월 우기,3,2,naver_blog,https://blog.naver.com/holyglorytrip/224371800769,blog.naver.com,다낭 9월 10월 날씨 어떨까? 우기 여행 준비물·옷차림 총정리 (2026),ok,200,0,,context_first,0,0,0,0,0,false,false,0,,0,,
다낭 10월 우기,4,2,naver_web,https://kr.trip.com/guide/info/vietnam-weather.html,kr.trip.com,베트남 날씨 한눈에 보기: 건기· 우기 ·월별·지역별 총정리,ok,200,20,H1>H2>H3>H2>H3>H3>H2>H2>H3>H3>H3>H2>H2>H2>H3>H3>H3>H3>H3>H2,context_first,8690,66,4,1,96,true,false,0,,135,product_or_booking | consultation,
다낭 10월 우기,5,3,naver_blog,https://blog.naver.com/xiaozhen123/224345437813,blog.naver.com,다낭 여행 9~ 10월 에 가면 낭패본다? 다낭 태풍과 다낭 날씨 총정리,ok,200,0,,context_first,0,0,0,0,0,false,false,0,,0,,
다낭 10월 우기,6,3,naver_web,https://in.naver.com/hongda/topic/932712843745536,in.naver.com,다낭 여행 언제 갈까? 다낭 우기 와 날씨 준비물 체크리스트,ok,200,2,H1>H2,context_first,1778,4,3,0,43,false,false,1,,41,related_content,
다낭 10월 우기,7,4,naver_blog,https://blog.naver.com/seamewe/224355710894,blog.naver.com,"10월 해외여행 추천, 나라별 날씨로 고르기",ok,200,0,,context_first,0,0,0,0,0,false,false,0,,0,,
다낭 10월 우기,8,4,naver_web,https://mlbpark.donga.com/mp/b.php?id=202509200109066248,mlbpark.donga.com,10월 말 ~ 11월초 베트남 다낭 가보신분?,ok,200,0,,context_first,7322,12,21,1,70,false,false,35,,380,product_or_booking | consultation | related_content,
다낭 10월 우기,9,5,naver_blog,https://blog.naver.com/sugarbia/224359163918,blog.naver.com,9월 10월 해외여행지 추천 동남아 날씨 좋은 나라 4곳,ok,200,0,,context_first,0,0,0,0,0,false,false,0,,0,,
다낭 10월 우기,10,5,naver_web,https://in.naver.com/kwonakong/topic/879624651040800,in.naver.com,다낭 10월 11월 우기 에도 걱정없는 꿀팁,ok,200,2,H1>H2,context_first,1291,3,3,0,33,false,false,1,,38,related_content,
다낭 10월 옷차림,1,1,naver_blog,https://blog.naver.com/ssumch/224366659095,blog.naver.com,베트남 나트랑 9월 10월 날씨 완벽비교 준비물 옷차림,ok,200,0,,context_first,0,0,0,0,0,false,false,0,,0,,
다낭 10월 옷차림,2,1,naver_web,https://www.accuweather.com/ko/vn/da-nang/352954/month/352954,accuweather.com,"다낭 , 다낭 , 베트남 월별 날씨",fetch_blocked,403,0,,,,,,,,,,,,,,http_403
다낭 10월 옷차림,3,2,naver_blog,https://blog.naver.com/havanahavana/224365005506,blog.naver.com,8월 9월 다낭 날씨 건기 우기 시기 베트남 여행 준비물 리스트,ok,200,0,,context_first,0,0,0,0,0,false,false,0,,0,,
다낭 10월 옷차림,4,2,naver_web,https://trippick.co/destinations/da-nang-vn/weather-october/,trippick.co,다낭 10월 날씨· 옷차림 2026,ok,200,33,H1>H2>H2>H2>H3>H3>H3>H3>H2>H2>H2>H2>H2>H2>H3>H3>H2>H2>H2>H3>H2>H3>H3>H3>H3>H2>H2>H2>H2>H2>H3>H2>H2,context_first,4834,75,3,1,1,false,false,0,,60,,
다낭 10월 옷차림,5,3,naver_blog,https://blog.naver.com/qhals3461/224366034561,blog.naver.com,베트남 다낭 날씨 8월 9월 10월 여행 옷차림 코디 추천 여름 가을 우....,ok,200,0,,context_first,0,0,0,0,0,false,false,0,,0,,
다낭 10월 옷차림,6,3,naver_web,https://wxwhere.com/weather/da-nang/10,wxwhere.com,다낭 10월 날씨 달력 비교,ok,200,10,H1>H3>H2>H2>H3>H3>H3>H3>H3>H2,context_first,1578,9,0,0,0,false,false,1,,29,,
다낭 10월 옷차림,7,4,naver_blog,https://blog.naver.com/yar20/224366730749,blog.naver.com,[베트남 여행 날씨 총정리] 하노이· 다낭 ·나트랑·호치민 지역별 건....,ok,200,0,,context_first,0,0,0,0,0,false,false,0,,0,,
다낭 10월 옷차림,8,4,naver_web,https://tour.finance4us.com/%EB%8B%A4%EB%82%AD-10%EC%9B%94-%EB%82%A0%EC%94%A8-%EC%98%B7%EC%B0%A8%EB%A6%BC/,tour.finance4us.com,다낭 10월 날씨 옷차림,fetch_failed,,0,,,,,,,,,,,,,,fetch failed
다낭 10월 옷차림,9,5,naver_blog,https://blog.naver.com/holyglorytrip/224371800769,blog.naver.com,다낭 9월 10월 날씨 어떨까? 우기 여행 준비물· 옷차림 총정리 (2026),ok,200,0,,context_first,0,0,0,0,0,false,false,0,,0,,
다낭 10월 옷차림,10,5,naver_web,https://dearweather.com/weather/danang/10,dearweather.com,다낭 10월 날씨 - 평균 기온·강수량· 옷차림,ok,200,15,H1>H2>H3>H3>H3>H3>H2>H2>H2>H2>H2>H3>H3>H3>H3,context_first,1807,25,3,1,0,false,false,0,,15,,
다낭 비오는날 가볼만한곳,1,1,naver_blog,https://njobertraveler.tistory.com/167,njobertraveler.tistory.com,다낭 우기와 건기 언제 가야 할까? 요즘 다낭 여행 괜찮을까 총정리,ok,200,17,H1>H1>H2>H2>H2>H2>H2>H2>H2>H2>H2>H3>H3>H3>H3>H2>H2,answer_or_question_first,7153,65,3,4,13,false,false,0,,44,product_or_booking,
다낭 비오는날 가볼만한곳,2,1,naver_web,https://in.naver.com/fabrunch/topic/681074639764608,in.naver.com,비오는날 다낭 가볼만한곳 다낭 여행지,ok,200,2,H1>H2,context_first,1832,4,3,0,44,true,false,1,,41,related_content,
다낭 비오는날 가볼만한곳,3,2,naver_blog,https://blog.naver.com/youn_dh/224366020020,blog.naver.com,다낭 가볼만한곳 한시장 롱샴 쇼핑 미니백 가격,ok,200,0,,context_first,0,0,0,0,0,false,false,0,,0,,
다낭 비오는날 가볼만한곳,4,2,naver_web,https://in.naver.com/dirch10/topic/974860033460704,in.naver.com,강릉 비오는날 갈 만한곳 실내 놀거리 모음,ok,200,2,H1>H2,context_first,1447,3,3,0,33,false,false,7,,39,related_content,
다낭 비오는날 가볼만한곳,5,3,naver_blog,https://richcat.tistory.com/13027,richcat.tistory.com,KOICA 국가별 개발협력동향 201-250,ok,200,3,H1>H2>H2,context_first,83565,59,2,1,5,true,false,54,,11,,
다낭 비오는날 가볼만한곳,6,3,naver_web,https://kr.trip.com/blog/Seouldate_on_a_rainyday/,kr.trip.com,비오는날 갈 만한곳 BEST 10: 서울·부산·경주 실내 데이트,ok,200,33,H1>H2>H2>H3>H3>H3>H3>H2>H3>H3>H3>H3>H2>H3>H3>H2>H3>H3>H3>H2>H2>H2>H3>H3>H3>H3>H2>H3>H3>H3>H3>H3>H3,context_first,12966,64,11,1,23,true,false,0,,289,product_or_booking,
다낭 비오는날 가볼만한곳,7,4,naver_blog,https://munggunfam.tistory.com/385,munggunfam.tistory.com,CGV 씨네샵을 털어봤다 (feat.심슨패밀리 마니아),ok,200,4,H1>H2>H2>H2,context_first,1874,23,2,1,11,false,false,0,,21,product_or_booking,
다낭 비오는날 가볼만한곳,8,4,naver_web,https://in.naver.com/kh6299/topic/745345523738496,in.naver.com,서귀포시 비오는날 가볼만한곳,ok,200,2,H1>H2,context_first,1774,4,3,0,44,false,false,5,,40,related_content,
다낭 비오는날 가볼만한곳,9,5,naver_blog,https://blog.naver.com/live_in_clov/224368085681,blog.naver.com,베트남 다낭 미슐랭 반쎄오맛집 벱꾸온 예약 후기 다낭 여행 가볼 만....,ok,200,0,,context_first,0,0,0,0,0,false,false,0,,0,,
다낭 비오는날 가볼만한곳,10,5,naver_web,https://maybay.co.kr/danang-guide/,maybay.co.kr,"다낭 여행 가이드 2026 | 숙소 위치, 3박4일 코스, 가볼만한 곳",ok,200,0,,context_first,14,0,0,0,0,false,false,0,,0,,
세부 가족여행 호텔 추천,1,1,naver_blog,https://blog.naver.com/rumzoo/224373887553,blog.naver.com,필리핀 세부 제이파크 리조트 가족여행 세부 호텔 추천 수영장 워터....,ok,200,0,,context_first,0,0,0,0,0,false,false,0,,0,,
세부 가족여행 호텔 추천,2,1,naver_web,https://kr.hotels.com/go/philippines/blog-cebu-with-kids-hotels-best-5,kr.hotels.com,"아이랑 세부 여행 에 좋은, 세부 호텔 베스트 5 - 세부 가족여행 호텔 추천 5곳 - Go....",fetch_blocked,,0,,,,,,,,,,,,,,The operation was aborted due to timeout
세부 가족여행 호텔 추천,3,2,naver_blog,https://jackarchive.tistory.com/65,jackarchive.tistory.com,노인일자리 노노케어 간단 신청방법,ok,200,8,H1>H3>H3>H3>H3>H3>H2>H2,context_first,84090,13,3,14,6,true,false,259,,13,,
세부 가족여행 호텔 추천,4,2,naver_web,https://kr.trip.com/hotels/family-friendly/city/ph/cebu.html,kr.trip.com,세부 가족여행 호텔 추천 베스트 10,ok,200,36,H1>H2>H3>H3>H3>H3>H3>H3>H3>H3>H3>H3>H2>H3>H3>H3>H3>H3>H2>H3>H3>H3>H2>H3>H3>H3>H3>H3>H3>H3>H2>H2>H3>H3>H3>H3,context_first,5370,13,0,1,85,true,false,0,,31,product_or_booking,
세부 가족여행 호텔 추천,5,3,naver_blog,https://kyla104.tistory.com/74,kyla104.tistory.com,2025년 가족 여행 을 위한 아산도고파라다이스 호텔 5가지 매력,ok,200,19,H1>H2>H3>H3>H2>H3>H3>H2>H3>H3>H3>H2>H3>H3>H2>H3>H3>H2>H2,context_first,5282,35,16,2,12,true,false,7,,48,product_or_booking | related_content,
세부 가족여행 호텔 추천,6,3,naver_web,https://cboard.net/q/%ED%95%84%EB%A6%AC%ED%95%80-%EC%84%B8%EB%B6%80-%ED%98%B8%ED%85%94-%EC%B6%94%EC%B2%9C%ED%95%B4%EC%A3%BC%EC%84%B8%EC%9A%94-OV85,cboard.net,필리핀 세부 호텔 추천 해주세요 - 세부 에 호텔 리조트 추천 해주세요 가족 이랑 ....,fetch_blocked,403,0,,,,,,,,,,,,,,http_403
세부 가족여행 호텔 추천,7,4,naver_blog,https://blog.naver.com/nimodori230605/224327407863,blog.naver.com,세부 풀빌라 추천 ! 가족여행 이라면 호텔 보다 만족도 높은 이유,ok,200,0,,context_first,0,0,0,0,0,false,false,0,,0,,
세부 가족여행 호텔 추천,8,4,naver_web,https://www.skyscanner.co.kr/hotels/philippines/cebu-hotels/ci-38679349,skyscanner.co.kr,세부 최저가 호텔 및 숙소 간편예약,ok,200,0,,context_first,0,0,0,0,0,false,false,0,,0,,
세부 가족여행 호텔 추천,9,5,naver_blog,https://dwqn.tistory.com/117,dwqn.tistory.com,2025년 해외 가족여행 추천 ! 꼭 가봐야 할 7곳,ok,200,21,H1>H2>H3>H3>H2>H3>H3>H3>H2>H3>H3>H3>H2>H3>H3>H2>H3>H3>H2>H2>H2,context_first,5752,40,13,1,12,true,false,8,,37,,
세부 가족여행 호텔 추천,10,5,naver_web,https://kr.trip.com/hotels/family-friendly/city/ph/cebu-city.html,kr.trip.com,세부 가족여행 호텔 추천 베스트 10,ok,200,24,H1>H2>H3>H3>H3>H3>H3>H3>H3>H3>H3>H3>H2>H3>H3>H3>H3>H3>H3>H2>H3>H3>H3>H3,answer_or_question_first,2953,1,0,0,71,false,false,0,,29,product_or_booking,
세부시티 막탄 숙소 어디,1,1,naver_blog,https://blog.naver.com/soonalgus/224372085663,blog.naver.com,세부 숙소 위치 추천 비교| 막탄 vs 세부시티 vs 모알보알 장단점,ok,200,0,,context_first,0,0,0,0,0,false,false,0,,0,,
세부시티 막탄 숙소 어디,2,1,naver_web,https://kr.trip.com/hotels/lapu-lapu-city-hotel-detail-98062236/sheraton-cebu-mactan-resort/,kr.trip.com,"쉐라톤 세부 막탄 리조트 후기 특가 예약, 라푸라푸 시티 2026",ok,200,36,H2>H3>H3>H3>H3>H1>H2>H2>H2>H2>H2>H3>H3>H3>H3>H2>H2>H2>H2>H2>H3>H3>H3>H3>H3>H3>H3>H3>H3>H2>H2>H3>H3>H3>H3>H3,context_first,7779,17,12,2,42,true,false,0,,86,product_or_booking | consultation,
세부시티 막탄 숙소 어디,3,2,naver_blog,https://sagawafujii.tistory.com/888,sagawafujii.tistory.com,세부 여행의 설렘과 실속을 모두 챙기는 호텔 드래곤 홈 인,ok,200,11,H1>H3>H3>H3>H3>H2>H2>H2>H2>H2>H2,answer_or_question_first,3022,16,0,1,14,false,false,0,,0,,
세부시티 막탄 숙소 어디,4,2,naver_web,https://www.kayak.co.kr/%EB%9D%BC%ED%91%B8%EB%9D%BC%ED%91%B8-%ED%98%B8%ED%85%94-%EC%83%B9%EA%B7%B8%EB%A6%B4%EB%9D%BC-%EB%A7%89%ED%83%84-%EB%A6%AC%EC%A1%B0%ED%8A%B8-%EC%8A%A4%ED%8C%8C.12027.ksp,kayak.co.kr,"샹그릴라 막탄 세부 , 최저가 188,626원(9̶9̶1̶,̶3̶3̶4̶원̶)부터. 세부 시티 호텔",ok,200,28,H1>H2>H2>H2>H2>H3>H3>H3>H2>H3>H2>H3>H3>H2>H2>H3>H3>H3>H2>H2>H2>H3>H3>H3>H2>H2>H3>H3,context_first,8968,43,24,3,175,false,false,71,,38,related_content,
세부시티 막탄 숙소 어디,5,3,naver_blog,https://lovely-days.tistory.com/5101,lovely-days.tistory.com,"세부 인기 스파 추천 BEST 07 할인 가격, 온라인 예약 링크",ok,200,12,H1>H2>H3>H3>H3>H3>H3>H3>H3>H2>H2>H2,context_first,6389,68,2,1,17,true,false,29,,27,product_or_booking,
세부시티 막탄 숙소 어디,6,3,naver_web,https://www.kayak.co.kr/%EC%84%B8%EB%B6%80-%ED%98%B8%ED%85%94-%EC%86%94%EB%A0%88%EC%95%84-%EB%A7%89%ED%83%84-%EB%A6%AC%EC%A1%B0%ED%8A%B8.879033.ksp,kayak.co.kr,"솔레아 막탄 리조트, 최저가 73,957원(1̶6̶0̶,̶9̶7̶5̶원̶)부터. 세부 시티 리조....",ok,200,28,H1>H2>H2>H2>H2>H3>H3>H3>H2>H3>H2>H3>H3>H2>H2>H3>H3>H3>H2>H2>H2>H3>H3>H3>H2>H2>H3>H3,context_first,8726,38,23,3,116,false,false,71,,32,related_content,
세부시티 막탄 숙소 어디,7,4,naver_blog,https://contentlink.tistory.com/918,contentlink.tistory.com,마볼로 로얄 호텔 세부 여행을 위한 똑똑한 숙소 선택 가이드,ok,200,11,H1>H3>H3>H3>H3>H2>H2>H2>H2>H2>H2,answer_or_question_first,3012,19,1,1,14,false,false,0,,0,,
세부시티 막탄 숙소 어디,8,4,naver_web,https://www.hotelscombined.co.kr/Place/Cebu_City.htm,hotelscombined.co.kr,"세부 시티 호텔: 2,306개의 저렴한 세부 시티 호텔 상품",ok,200,28,H1>H2>H2>H2>H2>H3>H3>H3>H3>H3>H2>H2>H2>H2>H2>H2>H2>H3>H3>H3>H3>H3>H3>H3>H3>H3>H3>H3,context_first,21209,82,3,0,100,false,false,31,,362,product_or_booking | related_content,
세부시티 막탄 숙소 어디,9,5,naver_blog,https://scubakhan.tistory.com/156,scubakhan.tistory.com,남성 마사지사가 있는 세부 막탄 마사지샵 (스파인 SPA:in 세부 ) 무료 ....,ok,200,13,H1>H3>H2>H2>H2>H2>H2>H3>H2>H2>H2>H3>H2,context_first,3212,88,1,2,9,false,false,6,,12,related_content,
세부시티 막탄 숙소 어디,10,5,naver_web,https://www.agoda.com/ko-kr/city/cebu-ph.html,agoda.com,2026 세부 호텔 추천 - 아고다,ok,200,0,,context_first,0,0,0,0,0,false,false,0,,0,,
7월 몽골 여행 준비물,1,1,naver_blog,https://blog.naver.com/beatitudo91/224365981375,blog.naver.com,몽골 여행 홉스골 몽골 8월 날씨 옷차림 준비물,ok,200,0,,context_first,0,0,0,0,0,false,false,0,,0,,
7월 몽골 여행 준비물,2,1,naver_web,https://blog.naver.com/sticky4/223901372691,blog.naver.com,7월 몽골 여행 준비물 체크리스트 직접 써본 필수품 전격공개,ok,200,0,,context_first,0,0,0,0,0,false,false,0,,0,,
7월 몽골 여행 준비물,3,2,naver_blog,https://blog.naver.com/yimsswon/224371315506,blog.naver.com,9월 몽골 여행 준비물 콜링투어 패키지 추천,ok,200,0,,context_first,0,0,0,0,0,false,false,0,,0,,
7월 몽골 여행 준비물,4,2,naver_web,https://www.myrealtrip.com/contents/2145,myrealtrip.com,[ 몽골 여행 전 필독] 🐪8월 몽골 여행 준비물 부터 몽골 여행 옷차림까지,ok,200,7,H1>H2>H3>H3>H2>H3>H3,context_first,2999,103,0,0,14,false,false,6,,2,product_or_booking,
7월 몽골 여행 준비물,5,3,naver_blog,https://blog.naver.com/bonniegets/224367039764,blog.naver.com,8월 몽골 여행 준비물 총정리 여나투어 패키지 추천,ok,200,0,,context_first,0,0,0,0,0,false,false,0,,0,,
7월 몽골 여행 준비물,6,3,naver_web,https://www.myrealtrip.com/community/posts/30325,myrealtrip.com,🇲🇳 7월 몽골 여행 패션과 필수 준비물 ! :마이리얼트립,ok,200,1,H1,context_first,537,0,0,0,1,false,false,0,,0,,
7월 몽골 여행 준비물,7,4,naver_blog,https://blog.naver.com/yhm529/224316601416,blog.naver.com,7월 몽골 날씨 총정리 옷차림 준비물 여름방학 해외 여행 지 추천,ok,200,0,,context_first,0,0,0,0,0,false,false,0,,0,,
7월 몽골 여행 준비물,8,4,naver_web,https://in.naver.com/hunybee/topic/964186360633728,in.naver.com,7월 8월 몽골여행 준비물,ok,200,2,H1>H2,context_first,1489,3,3,0,33,false,false,1,,39,product_or_booking | related_content,
7월 몽골 여행 준비물,9,5,naver_blog,https://blog.naver.com/jinjitai/224341106739,blog.naver.com,"몽골 여행 , 7 ~8월 날씨 완벽 대비! 날짜별 기온과 필수 준비물 총정리....",ok,200,0,,context_first,0,0,0,0,0,false,false,0,,0,,
7월 몽골 여행 준비물,10,5,naver_web,https://www.tripstore.kr/blog/%EB%AA%BD%EA%B3%A8-%EC%97%AC%ED%96%89-%EB%B9%84%EC%9A%A9-%EC%A4%80%EB%B9%84%EB%AC%BC-%EC%97%AC%ED%96%89-%EC%8B%9C%EA%B8%B0-%EC%A3%BC%EC%9D%98%EC%82%AC%ED%95%AD,tripstore.kr,"몽골 여행 비용, 준비물 , 여행 시기, 주의사항 – 꿀팁 총정리 | 트립스토어 블....",ok,200,7,H2>H2>H2>H2>H3>H3>H2,context_first,2884,32,7,0,6,false,false,0,,3,product_or_booking | related_content,
몽골 7월 옷차림,1,1,naver_blog,https://blog.naver.com/yhm529/224316601416,blog.naver.com,7월 몽골 날씨 총정리 옷차림 준비물 여름방학 해외여행지 추천,ok,200,0,,context_first,0,0,0,0,0,false,false,0,,0,,
몽골 7월 옷차림,2,1,naver_web,https://www.myrealtrip.com/contents/2145,myrealtrip.com,[ 몽골 여행 전 필독] 🐪8월 몽골 여행 준비물부터 몽골 여행 옷차림 까지,ok,200,7,H1>H2>H3>H3>H2>H3>H3,context_first,2999,103,0,0,14,false,false,6,,2,product_or_booking,
몽골 7월 옷차림,3,2,naver_blog,https://blog.naver.com/beatitudo91/224365981375,blog.naver.com,몽골 여행 홉스골 몽골 8월 날씨 옷차림 준비물,ok,200,0,,context_first,0,0,0,0,0,false,false,0,,0,,
몽골 7월 옷차림,4,2,naver_web,https://www.accuweather.com/ko/mn/ulan-bator/246421/month/246421,accuweather.com,"울란바토르, 울란바토르, 몽골 월별 날씨",fetch_blocked,403,0,,,,,,,,,,,,,,http_403
몽골 7월 옷차림,5,3,naver_blog,https://blog.naver.com/heyhelena/224350914476,blog.naver.com,"7월 내 몽골 여행, 날씨와 옷차림 ft. 캠프파이어와 낙타 체험",ok,200,0,,context_first,0,0,0,0,0,false,false,0,,0,,
몽골 7월 옷차림,6,3,naver_web,https://in.naver.com/heretravel/topic/959803188570496,in.naver.com,몽골 여행 총정리 | 여행 적기 날씨 환전 쇼핑리스트 총 경비까지😆,ok,200,2,H1>H2,context_first,2649,6,3,0,66,false,false,1,,45,related_content,
몽골 7월 옷차림,7,4,naver_blog,https://blog.naver.com/0916hi/224359932931,blog.naver.com,몽골 7월 8월 날씨와 옷차림 |울란바토르·고비사막 여행 준비물,ok,200,0,,context_first,0,0,0,0,0,false,false,0,,0,,
몽골 7월 옷차림,8,4,naver_web,https://himongolia.net/mongolian-weather/,himongolia.net,몽골 날씨와 달 위상 달력,ok,200,3,H3>H2>H1,context_first,1942,1,2,2,63,true,false,1,,70,,
몽골 7월 옷차림,9,5,naver_blog,https://blog.naver.com/wnswkd777/224338131772,blog.naver.com,7월 몽골 날씨 초 중순 말 기온 옷차림 여행 준비물 총정리,ok,200,0,,context_first,0,0,0,0,0,false,false,0,,0,,
몽골 7월 옷차림,10,5,naver_web,https://in.naver.com/bbangdal/topic/960116136020448,in.naver.com,몽골 여행 준비 - 네이버 인플루언서,ok,200,2,H1>H2,context_first,1433,3,3,0,33,false,false,1,,39,related_content,
석가장 날씨,1,1,naver_blog,https://blog.naver.com/my1957/224362898522,blog.naver.com,"[중국여행] 독박투어 | 부산출발 | 태항산, 천계산 | 3박 4일 | 여행팁,....",ok,200,0,,context_first,0,0,0,0,0,false,false,0,,0,,
석가장 날씨,2,1,naver_web,https://ko.wikipedia.org/wiki/%EC%8A%A4%EC%9E%90%EC%A2%A1%EC%8B%9C,ko.wikipedia.org,스자좡시 - 위키백과 한국어,ok,200,43,H1>H2>H2>H3>H3>H3>H3>H3>H3>H3>H2>H2>H3>H2>H2>H2>H2>H3>H3>H2>H3>H3>H3>H3>H3>H2>H2>H3>H3>H3>H3>H3>H3>H3>H2>H2>H2>H3>H2>H2>H2>H2>H2,context_first,28837,66,30,9,56,false,false,229,,885,consultation,
석가장 날씨,3,2,naver_blog,https://blog.naver.com/sh-tour2016/224369821476,blog.naver.com,중국 태항산 가을 여행 : 부모님을 위한 ALL 포함 3박 4일 프리미엄 패....,ok,200,0,,context_first,0,0,0,0,0,false,false,0,,0,,
석가장 날씨,4,2,naver_web,https://www.agoda.com/ko-kr/city/shijiazhuang-cn.html,agoda.com,2026 스자좡 / 석가장 호텔 추천 - 아고다,ok,200,0,,context_first,0,0,0,0,0,false,false,0,,0,,
석가장 날씨,5,3,naver_blog,https://blog.naver.com/sjinjs11/224329524512,blog.naver.com,동양의 그랜드 캐니언! 태항산 관광 가기 전 무조건 알아야 할 핵심 ....,ok,200,0,,context_first,0,0,0,0,0,false,false,0,,0,,
석가장 날씨,6,3,naver_web,https://www.gogotour.co.kr/posting/_extLink.php/210302001070,gogotour.co.kr,"[대구⇔ 석가장 직항] 중국 5악 항산(북악)+동 태항산+백석산 트레킹 운강석굴, ....",ok,200,0,,context_first,9496,7,17,1,18,false,false,4,,34,,
석가장 날씨,7,4,naver_blog,https://blog.naver.com/v6olulee/224330143660,blog.naver.com,석가장 태항산 날씨 참고해 아침 등산 계획 세우기,ok,200,0,,context_first,0,0,0,0,0,false,false,0,,0,,
석가장 날씨,8,4,naver_web,https://kr.trip.com/hotels/shijiazhuang-shijiazhuang-botanical-garden/hotels-c428m4238295/,kr.trip.com,"석가장 (스자좡) 식물원 근처 호텔 추천, 스자좡 숙소 2026",ok,200,60,H1>H3>H3>H2>H3>H3>H3>H3>H3>H3>H3>H3>H3>H3>H2>H3>H3>H3>H3>H3>H3>H3>H3>H3>H3>H3>H3>H3>H3>H2>H3>H3>H3>H3>H3>H3>H3>H3>H3>H2>H3>H3>H3>H3>H3>H3>H3>H3>H3>H3>H2>H3>H3>H3>H3>H3>H3>H3>H3>H3,context_first,9661,10,0,1,82,true,false,0,,53,product_or_booking,
석가장 날씨,9,5,naver_blog,https://blog.naver.com/mstour5040/224330847955,blog.naver.com,[대구출발] 중국 태항산/ 석가장 3박 5일 프리미엄 패키지 ✈️ (NO쇼....,ok,200,0,,context_first,0,0,0,0,0,false,false,0,,0,,
석가장 날씨,10,5,naver_web,https://kr.trip.com/hotels/shijiazhuang-shijiazhuang-railway-station/hotels-c428r1277882/,kr.trip.com,"스자좡/ 석가장 호텔 추천, 스자좡 숙소 2026",ok,200,60,H1>H3>H3>H2>H3>H3>H3>H3>H3>H3>H3>H3>H3>H3>H2>H3>H3>H3>H3>H3>H3>H3>H3>H3>H3>H3>H3>H3>H3>H2>H3>H3>H3>H3>H3>H3>H3>H3>H3>H3>H2>H3>H3>H3>H3>H3>H3>H3>H3>H3>H3>H2>H3>H3>H3>H3>H3>H3>H3>H3,context_first,10337,21,0,1,86,true,false,0,,52,product_or_booking,
호화호특 날씨,1,1,naver_blog,https://blog.naver.com/yourtourbusan/224333595029,blog.naver.com,"부산출발 내몽골 전세기 여행! 여름휴가 추천, 호화호특 초원·사막....",ok,200,0,,context_first,0,0,0,0,0,false,false,0,,0,,
호화호특 날씨,2,1,naver_web,https://www.82cook.com/entiz/read.php?num=3691567,82cook.com,내몽골 호화호특 현재 날씨 아시는분????,ok,200,7,H2>H2>H2>H2>H1>H2>H2,answer_or_question_first,2507,7,15,1,3,true,false,3,,118,consultation,
호화호특 날씨,3,2,naver_blog,https://blog.naver.com/nam052500/224338201716,blog.naver.com,내몽고 호화호특 7월 8월 날씨 와 옷차림 유류세 없는 부산 직항 전세....,ok,200,0,,context_first,0,0,0,0,0,false,false,0,,0,,
호화호특 날씨,4,2,naver_web,https://www.tripadvisor.co.kr/Tourism-g297440-Hohhot_Inner_Mongolia-Vacations.html,tripadvisor.co.kr,2026년 중국 호화호특 (후허하오터) 여행정보 - Tripadvisor - 호화호특 (후허하오터) ....,fetch_blocked,403,0,,,,,,,,,,,,,,http_403
호화호특 날씨,5,3,naver_blog,https://blog.naver.com/leeme1002/224333908228,blog.naver.com,[내몽골] 1일차 2일차 호화호특 도착! 샹사완 사막 | 유리호텔 | 낙타....,ok,200,0,,context_first,0,0,0,0,0,false,false,0,,0,,
호화호특 날씨,6,3,naver_web,https://prdt.ybtour.co.kr/product/schedule/mypage.m?evCd=CXP2532-260729BX00,prdt.ybtour.co.kr,부산출발 호화호특 (내몽고) 5일 #노팁노옵션노쇼핑 #호텔업그레이드 #수요일출....,ok,200,0,,context_first,0,0,0,0,0,false,false,0,,0,,
호화호특 날씨,7,4,naver_blog,https://blog.naver.com/tourbout/224327795902,blog.naver.com,내몽골 7월 8월 여름 날씨 후허하오터 오르도스 후룬베이얼 여행 옷....,ok,200,0,,context_first,0,0,0,0,0,false,false,0,,0,,
호화호특 날씨,8,4,naver_web,https://www.eastchinatrip.com/ko/china-city-guides/inner-mongolia-travel-guide/,eastchinatrip.com,"내몽골 여행 가이드| 호화호특 , 초원 명소와 도시 정보",ok,200,6,H1>H2>H3>H3>H3>H3,context_first,3468,69,8,0,34,false,false,0,,22,,
호화호특 날씨,9,5,naver_blog,https://pmhauto.tistory.com/5000227,pmhauto.tistory.com,내몽고여행 - 여러감각을 일깨워주는 특별함이 있는곳,ok,200,2,H1>H2,context_first,6252,167,2,1,61,false,false,0,,11,,
호화호특 날씨,10,5,naver_web,https://www.verygoodtour.com/Product/PackageDetail?ProCode=CPP508-250720HT66,verygoodtour.com,[내몽고 호화호특 직항][현대식 게르/유리 호텔] 시라무런 초원/추쿤산 초원/후....,ok,200,9,H2>H3>H3>H3>H3>H3>H3>H3>H3,context_first,31526,151,34,10,87,true,false,96,,55,product_or_booking | consultation | related_content,
보라카이 7월 날씨,1,1,naver_blog,https://blog.naver.com/jinjitai/224319828324,blog.naver.com,필리핀 7월 ·8월 날씨 어떨까? 유명 관광지 기온·우기·옷차림 총정....,ok,200,0,,context_first,0,0,0,0,0,false,false,0,,0,,
보라카이 7월 날씨,2,1,naver_web,https://www.accuweather.com/ko/ph/malay/261768/month/261768,accuweather.com,"Malay, 아클란, 필리핀 월별 날씨",fetch_blocked,403,0,,,,,,,,,,,,,,http_403
보라카이 7월 날씨,3,2,naver_blog,https://blog.naver.com/sarah_1227_/224312609454,blog.naver.com,필리핀 보라카이 6월 7월 날씨 옷차림 준비물 총정리 건기 우기 차이,ok,200,0,,context_first,0,0,0,0,0,false,false,0,,0,,
보라카이 7월 날씨,4,2,naver_web,https://salamatboracay.com/boracay-july-weather/,salamatboracay.com,"보라카이 7월 날씨 , 여름 휴가 전에 알아두세요",ok,200,8,H1>H2>H2>H2>H2>H2>H2>H3,context_first,2870,42,1,2,9,true,false,1,,7,consultation,
보라카이 7월 날씨,5,3,naver_blog,https://blog.naver.com/muse36/224312453115,blog.naver.com,동남아 보라카이 여행 6월 7월 날씨 옷차림 우기 여행 괜찮을까?,ok,200,0,,context_first,0,0,0,0,0,false,false,0,,0,,
보라카이 7월 날씨,6,3,naver_web,https://hikersbay.com/climate/july/philippines/boracay?lang=ko,hikersbay.com,보라카이 섬 에서 7월 의 날씨 2026,fetch_blocked,403,0,,,,,,,,,,,,,,http_403
보라카이 7월 날씨,7,4,naver_blog,https://blog.naver.com/hyezzzi/224330187468,blog.naver.com,보라카이 7월 8월 날씨 우기 디몰 화이트비치 카페 서니사이드,ok,200,0,,context_first,0,0,0,0,0,false,false,0,,0,,
보라카이 7월 날씨,8,4,naver_web,https://trippick.co/destinations/boracay-ph/weather-july/,trippick.co,보라카이 7월 날씨 ·옷차림 2026,ok,200,28,H1>H2>H2>H2>H2>H2>H2>H2>H2>H3>H3>H2>H2>H2>H3>H2>H3>H3>H3>H3>H2>H2>H2>H2>H2>H3>H2>H2,context_first,3918,72,3,1,1,false,false,0,,60,,
보라카이 7월 날씨,9,5,naver_blog,https://blog.naver.com/wnswkd777/224335383799,blog.naver.com,필리핀 보라카이 7월 날씨 초 중순 말 기온 옷처림 준비물 총정리,ok,200,0,,context_first,0,0,0,0,0,false,false,0,,0,,
보라카이 7월 날씨,10,5,naver_web,https://wxwhere.com/weather/boracay/7,wxwhere.com,보라카이 7월 날씨 달력 비교,ok,200,10,H1>H3>H2>H2>H3>H3>H3>H3>H3>H2,context_first,2103,9,0,0,0,false,false,1,,29,,
발리 7월 날씨,1,1,naver_blog,https://blog.naver.com/vlfldk/224313736070,blog.naver.com,7월 해외여행지 추천 발리 날씨 여행코스 총정리,ok,200,0,,context_first,0,0,0,0,0,false,false,0,,0,,
발리 7월 날씨,2,1,naver_web,https://www.accuweather.com/ko/id/ubud/202239/month/202239,accuweather.com,"우붓, 발리 , 인도네시아 월별 날씨",fetch_blocked,403,0,,,,,,,,,,,,,,http_403
발리 7월 날씨,3,2,naver_blog,https://blog.naver.com/fklffkr/224321397602,blog.naver.com,발리 6월 7월 날씨 실시간 옷차림 건기 맞아?,ok,200,0,,context_first,0,0,0,0,0,false,false,0,,0,,
발리 7월 날씨,4,2,naver_web,https://hikersbay.com/climate/july/indonesia/bali?lang=ko,hikersbay.com,발리 에서 7월 의 날씨 2026,fetch_blocked,403,0,,,,,,,,,,,,,,http_403
발리 7월 날씨,5,3,naver_blog,https://blog.naver.com/pjhoon0705/224350786786,blog.naver.com,"[ 발리 여행 6] 발리 여행일정, 발리 여행비용 110만원, 발리7월날씨 | ....",ok,200,0,,context_first,0,0,0,0,0,false,false,0,,0,,
발리 7월 날씨,6,3,naver_web,https://trippick.co/destinations/bali-id/weather-july/,trippick.co,발리 7월 날씨 ·옷차림 2026,ok,200,28,H1>H2>H2>H2>H2>H2>H2>H2>H2>H3>H3>H2>H2>H2>H3>H2>H3>H3>H3>H3>H2>H2>H2>H2>H2>H3>H2>H2,context_first,3780,71,3,1,1,false,false,0,,60,,
발리 7월 날씨,7,4,naver_blog,https://blog.naver.com/my2reh/224331176322,blog.naver.com,발리 7월 날씨 옷차림 준비물 건기 우기 실제 체감 온도 후기,ok,200,0,,context_first,0,0,0,0,0,false,false,0,,0,,
발리 7월 날씨,8,4,naver_web,https://www.weather.go.kr/w/weather/worldwide.do,weather.go.kr,세계 날씨 - 기상청 날씨 누리,ok,200,1,H2,context_first,823,6,3,2,2,false,false,1,,0,,
발리 7월 날씨,9,5,naver_blog,https://blog.naver.com/jjjadeland/224303311850,blog.naver.com,여름휴가 추천지 7월 다낭 발리 세부 동남아 날씨 비교 피해야할곳,ok,200,0,,context_first,0,0,0,0,0,false,false,0,,0,,
발리 7월 날씨,10,5,naver_web,https://in.naver.com/bennang/topic/970045114902976,in.naver.com,발리 7월 8월 날씨 항공권 비행시간 치안 환율 환전팁 정리,ok,200,2,H1>H2,context_first,1450,3,3,0,33,false,false,1,,39,related_content,
